session ttt_plot id sex ttt contact_id dur_tot mean_position mean_first_visit nb_visits nb_flower_visited dur_per_visit nb_visits_per_flower PLA r_dur_tot POS POSf r_nb_visits FLO DUR VIS nb_flo nb_flo_open nb_flo_all height_max height_mean nb_stem r_nb_flo F r_nb_flo_all r_height_max H r_nb_stem MS oms FL sr_self mean_ps sr_out mean_ps_all sr_all ratio_q diff_q abs_diff_q PS r_mean_ps_all ME Wout W Wself
1 1.FA1 Low 1.FA1.01 fem low 10 213.846 0.5 1 25 13 8.55384 1.92307692307692 1.36986301369863 1.78687306822331 0.98995621720057 0.0847457627118644 1.26903553299492 1.11111111111111 1.4227971377263 1.16042853017114 14 20 23 40.4 36.7333333333333 3 0.921052631578947 1.0752688172043 0.923694779116466 1.08340037543577 1.13928303739888 0.857142857142857 1.07142857142857 9 0.929250263991552 11.2 NA 44.8 NA 56 0.909880717573025 -0.0176866359447005 0.0176866359447005 NA NA -7.06506583578145 0.663133657395563 0.713375796178344 0.746789594995061
2 1.FA1 Low 1.FA1.01 mal low 10 213.846 0.5 1 25 13 8.55384 1.92307692307692 1.36986301369863 1.78687306822331 0.98995621720057 0.0847457627118644 1.26903553299492 1.11111111111111 1.4227971377263 1.16042853017114 14 20 23 40.4 36.7333333333333 3 0.921052631578947 1.0752688172043 0.923694779116466 1.08340037543577 1.13928303739888 0.857142857142857 1.07142857142857 9 1.02667714296404 11.2 0.225 54.6 0.22 65.8 NA NA NA 0.985401459854015 0.845869823929694 NA 0.921467146714671 0.862498361515271 0.657405595773822
3 1.FA1 Low 1.FA1.02 fem low 5 76.4020000000002 0.501369863013699 8 14 10 5.45728571428573 1.4 0.684931506849315 0.638406498874882 0.992668426014818 0.677966101694915 0.710659898477157 0.854700854700855 0.907733894255723 0.844791969964591 19 21 26 31.5 24.4 6 1.25 1.12903225806452 1.04417670682731 0.84473049074819 0.756765139179654 1.71428571428571 0.952380952380952 8 0.90285110876452 66.1111111111111 NA 52.8888888888889 NA 119 2.04971857410882 0.17070938215103 0.17070938215103 NA NA 68.1912053515175 0.782866123314206 1.51592356687898 4.40813302601251
4 1.FA1 Low 1.FA1.02 mal low 5 76.4020000000002 0.501369863013699 8 14 10 5.45728571428573 1.4 0.684931506849315 0.638406498874882 0.992668426014818 0.677966101694915 0.710659898477157 0.854700854700855 0.907733894255723 0.844791969964591 19 21 26 31.5 24.4 6 1.25 1.12903225806452 1.04417670682731 0.84473049074819 0.756765139179654 1.71428571428571 0.952380952380952 8 1.03715344034123 59.5 0.1 6 0.3 65.5 NA NA NA 0.437956204379562 1.15345885081322 NA 0.101260126012601 0.858565998164897 3.49246722754842
5 1.FA1 Low 1.FA1.03 fem low 8 84.0979999999997 0.376712328767123 3 17 11 4.94694117647057 1.54545454545455 1.0958904109589 0.702713407271793 0.745857423918238 0.254237288135593 0.862944162436548 0.94017094017094 0.822846083908831 0.932562564246627 11 13 13 37.4 35.45 2 0.723684210526316 0.698924731182796 0.522088353413655 1.00294985250737 1.09948049934093 0.571428571428571 0.952380952380952 8 1.2117212249208 12.6666666666667 NA 25.3333333333333 NA 38 0 -0.157471264367816 0.157471264367816 NA NA -62.9031350835106 0.374986294360586 0.484076433121019 0.844583470530128
6 1.FA1 Low 1.FA1.03 mal low 8 84.0979999999997 0.376712328767123 3 17 11 4.94694117647057 1.54545454545455 1.0958904109589 0.702713407271793 0.745857423918238 0.254237288135593 0.862944162436548 0.94017094017094 0.822846083908831 0.932562564246627 11 13 13 37.4 35.45 2 0.723684210526316 0.698924731182796 0.522088353413655 1.00294985250737 1.09948049934093 0.571428571428571 1.07142857142857 9 1.19429790099899 12.6666666666667 0.266666666666667 41.6 0.283333333333333 54.2666666666667 NA NA NA 1.16788321167883 1.08937780354582 NA 0.702070207020702 0.711320837156464 0.743494423791821
7 1.FA1 Low 1.FA1.04 fem low 8 118.506 0.493150684931507 12 23 14 5.15243478260871 1.64285714285714 1.0958904109589 0.990222776310394 0.976395173129329 1.01694915254237 1.16751269035533 1.1965811965812 0.857026722620146 0.991337515774775 19 23 28 36.4 33.3333333333333 3 1.25 1.23655913978495 1.12449799196787 0.976133011531242 1.03383215734925 0.857142857142857 1.07142857142857 9 1.05596620908131 0 NA 169 NA 169 1.15496861498329 0.0327984817115252 0.0327984817115252 NA NA 13.1016114839539 2.50155330580023 2.15286624203822 0
8 1.FA1 Low 1.FA1.04 mal low 8 118.506 0.493150684931507 12 23 14 5.15243478260871 1.64285714285714 1.0958904109589 0.990222776310394 0.976395173129329 1.01694915254237 1.16751269035533 1.1965811965812 0.857026722620146 0.991337515774775 19 23 28 36.4 33.3333333333333 3 1.25 1.23655913978495 1.12449799196787 0.976133011531242 1.03383215734925 0.857142857142857 1.07142857142857 9 1.06858233247278 0 0.444444444444444 91.2666666666667 0.444444444444444 91.2666666666667 NA NA NA 1.94647201946472 1.70882792713069 NA 1.54027902790279 1.19631231703587 0
9 1.FA1 Low 1.FA1.05 fem low 6 65.7169999999997 0.728310502283105 38 12 9 5.47641666666664 1.33333333333333 0.821917808219178 0.549123843440751 1.44199101957526 3.22033898305085 0.609137055837564 0.769230769230769 0.91091602816161 0.804563780918658 12 14 18 36.5 31.6333333333333 3 0.789473684210526 0.752688172043011 0.72289156626506 0.978814695628855 0.981106717324442 0.857142857142857 1.07142857142857 9 0.696937697993664 0 NA 29 NA 29 0 -0.160740584893751 0.160740584893751 NA NA -64.2090908812226 0.429260626439092 0.369426751592357 0
10 1.FA1 Low 1.FA1.05 mal low 6 65.7169999999997 0.728310502283105 38 12 9 5.47641666666664 1.33333333333333 0.821917808219178 0.549123843440751 1.44199101957526 3.22033898305085 0.609137055837564 0.769230769230769 0.91091602816161 0.804563780918658 12 14 18 36.5 31.6333333333333 3 0.789473684210526 0.752688172043011 0.72289156626506 0.978814695628855 0.981106717324442 0.857142857142857 0.952380952380952 8 0.730721742058592 0 0.133333333333333 30.2 0.133333333333333 30.2 NA NA NA 0.583941605839416 0.512648378139208 NA 0.50967596759676 0.395857910604273 0
11 1.FA1 Low 1.FA1.06 fem low 8 157.324999999999 0.49486301369863 2 29 17 5.42499999999998 1.70588235294118 1.0958904109589 1.31458996407804 0.979785434147139 0.169491525423729 1.47208121827411 1.45299145299145 0.902363672007562 1.02936836676358 15 22 30 40.3 34.35 4 0.986842105263158 1.18279569892473 1.20481927710843 1.08071869133816 1.06536403814841 1.14285714285714 1.07142857142857 9 0.908130939809926 39 NA 91 NA 130 0.844600843653425 -0.0350459504350857 0.0350459504350857 NA NA -13.9993805422113 1.34699024158474 1.65605095541401 2.60042805400066
12 1.FA1 Low 1.FA1.06 mal low 8 157.324999999999 0.49486301369863 2 29 17 5.42499999999998 1.70588235294118 1.0958904109589 1.31458996407804 0.979785434147139 0.169491525423729 1.47208121827411 1.45299145299145 0.902363672007562 1.02936836676358 15 22 30 40.3 34.35 4 0.986842105263158 1.18279569892473 1.20481927710843 1.08071869133816 1.06536403814841 1.14285714285714 0.952380952380952 8 0.990010102143899 39 0.2 57.5 0.225 96.5 NA NA NA 0.875912408759124 0.865094138109914 NA 0.970409540954095 1.26491021103683 2.28918019956956
13 1.FA1 Low 1.FA1.07 fem low 7 102.51 0.475538160469667 9 17 11 6.03000000000001 1.54545454545455 0.958904109589041 0.856562003608074 0.941523916946139 0.76271186440678 0.862944162436548 0.94017094017094 1.00299593404712 0.932562564246627 15 16 24 37.3 33.2666666666667 3 0.986842105263158 0.860215053763441 0.963855421686747 1.00026816840976 1.03176449303456 0.857142857142857 1.07142857142857 9 0.950369588173179 NA NA NA NA 42 NA NA NA NA NA NA NA 0.535031847133758 NA
14 1.FA1 Low 1.FA1.07 mal low 7 102.51 0.475538160469667 9 17 11 6.03000000000001 1.54545454545455 0.958904109589041 0.856562003608074 0.941523916946139 0.76271186440678 0.862944162436548 0.94017094017094 1.00299593404712 0.932562564246627 15 16 24 37.3 33.2666666666667 3 0.986842105263158 0.860215053763441 0.963855421686747 1.00026816840976 1.03176449303456 0.857142857142857 1.07142857142857 9 0.963819358700939 42 0.188888888888889 106.966666666667 0.304761904761905 148.966666666667 NA NA NA 0.827250608272506 1.17176772146105 NA 1.80524302430243 1.95263686809106 2.46527098415183
15 1.FA1 Low 1.FA1.08 fem low 4 67.468 0.366438356164384 14 11 9 6.13345454545455 1.22222222222222 0.547945205479452 0.563755002043015 0.725515857811377 1.1864406779661 0.558375634517767 0.769230769230769 1.02020397524937 0.737516799175437 12 15 20 38.9 31.7333333333333 3 0.789473684210526 0.806451612903226 0.803212851405622 1.04317511397157 0.984208213796489 0.857142857142857 0.714285714285714 6 0.918690601900739 0 NA 51 NA 51 0.700449671393981 -0.0763668430335097 0.0763668430335097 NA NA -30.5053360847967 0.754906618910128 0.64968152866242 0
16 1.FA1 Low 1.FA1.08 mal low 4 67.468 0.366438356164384 14 11 9 6.13345454545455 1.22222222222222 0.547945205479452 0.563755002043015 0.725515857811377 1.1864406779661 0.558375634517767 0.769230769230769 1.02020397524937 0.737516799175437 12 15 20 38.9 31.7333333333333 3 0.789473684210526 0.806451612903226 0.803212851405622 1.04317511397157 0.984208213796489 0.857142857142857 0.952380952380952 8 0.6600067347626 0 0.2 33.3 0.2 33.3 NA NA NA 0.875912408759124 0.768972567208813 NA 0.561993699369937 0.436492331891467 0
17 1.FA1 Low 1.FA1.09 fem low 9 154.672 0.496194824961948 13 21 10 7.36533333333333 2.1 1.23287671232877 1.29242179516211 0.982422303827658 1.10169491525424 1.06598984771574 0.854700854700855 1.22510769257629 1.26718795494689 21 21 40 35.5 29.675 4 1.38157894736842 1.12903225806452 1.60642570281124 0.951997854652722 0.920369078080174 1.14285714285714 1.07142857142857 9 1.30939809926082 0 NA 91 NA 91 2.32637362637363 0.228058573453 0.228058573453 NA NA 91.0997908758691 1.34699024158474 1.15923566878981 0
18 1.FA1 Low 1.FA1.09 mal low 9 154.672 0.496194824961948 13 21 10 7.36533333333333 2.1 1.23287671232877 1.29242179516211 0.982422303827658 1.10169491525424 1.06598984771574 0.854700854700855 1.22510769257629 1.26718795494689 21 21 40 35.5 29.675 4 1.38157894736842 1.12903225806452 1.60642570281124 0.951997854652722 0.920369078080174 1.14285714285714 1.07142857142857 9 1.08953492722715 0 0.25 27.3 0.25 27.3 NA NA NA 1.09489051094891 0.961215709011016 NA 0.460733573357336 0.357845064883995 0
19 1.FA1 Low 1.FA1.10 fem low 8 156.217 0.618150684931507 18 28 13 5.57917857142857 2.15384615384615 1.0958904109589 1.30533164098763 1.22388422742947 1.52542372881356 1.42131979695431 1.11111111111111 0.928008859447042 1.29967995379168 14 21 27 38.7 31.85 4 0.921052631578947 1.12903225806452 1.08433734939759 1.03781174577635 0.987826626347213 1.14285714285714 0.952380952380952 8 1.11668426610348 6 NA 54 NA 60 1.24508936797494 0.0382753778330283 0.0382753778330283 NA NA 15.2894007161821 0.799312890610723 0.764331210191083 0.40006585446164
20 1.FA1 Low 1.FA1.10 mal low 8 156.217 0.618150684931507 18 28 13 5.57917857142857 2.15384615384615 1.0958904109589 1.30533164098763 1.22388422742947 1.52542372881356 1.42131979695431 1.11111111111111 0.928008859447042 1.29967995379168 14 21 27 38.7 31.85 4 0.921052631578947 1.12903225806452 1.08433734939759 1.03781174577635 0.987826626347213 1.14285714285714 0.833333333333333 7 1.23919631832978 6 0.275 143.8 0.24 149.8 NA NA NA 1.2043795620438 0.922767080650575 NA 2.42686768676868 1.96356009961987 0.352181569164547
21 1.FA2 Low 1.FA2.01 fem low 3 116.397 0.728395061728395 17 19 15 6.12615789473685 1.26666666666667 1.11111111111111 0.847994521406223 1.26711409395973 1.61904761904762 1.2258064516129 1.37931034482759 0.684713097880482 0.865008684084106 20 21 30 35.7 29.4 4 1.41843971631206 1.22093023255814 1.15384615384615 0.991666666666667 0.952123927241324 1.29032258064516 0.64 2 1.14285714285714 0 NA 145 NA 145 1.03271359636673 0.0237579880437023 0.0237579880437023 NA NA 0.220705930560457 1.91265983698497 1.98902606310014 0
22 1.FA2 Low 1.FA2.01 mal low 3 116.397 0.728395061728395 17 19 15 6.12615789473685 1.26666666666667 1.11111111111111 0.847994521406223 1.26711409395973 1.61904761904762 1.2258064516129 1.37931034482759 0.684713097880482 0.865008684084106 20 21 30 35.7 29.4 4 1.41843971631206 1.22093023255814 1.15384615384615 0.991666666666667 0.952123927241324 1.29032258064516 1.28 4 0.809946714031972 0 0.35 22.8 0.35 22.8 NA NA NA 0.924528301886792 0.96078431372549 NA 0.358008075370121 0.255933290570879 0
23 1.FA2 Low 1.FA2.02 fem low 4 121.201999999999 0.703703703703704 16 17 11 7.12952941176467 1.54545454545455 1.48148148148148 0.883000695752265 1.2241610738255 1.52380952380952 1.09677419354839 1.01149425287356 0.796858692485445 1.05539337053324 14 20 31 32.2 28.1333333333333 3 0.99290780141844 1.16279069767442 1.19230769230769 0.894444444444444 0.911102714956549 0.967741935483871 0.64 2 1.06666666666667 29.7 NA 69.3 NA 99 1.04597958119085 0.0230258247499627 0.0230258247499627 NA NA 0.21390431163676 0.914119494503851 1.35802469135802 1.36484134840827
24 1.FA2 Low 1.FA2.02 mal low 4 121.201999999999 0.703703703703704 16 17 11 7.12952941176467 1.54545454545455 1.48148148148148 0.883000695752265 1.2241610738255 1.52380952380952 1.09677419354839 1.01149425287356 0.796858692485445 1.05539337053324 14 20 31 32.2 28.1333333333333 3 0.99290780141844 1.16279069767442 1.19230769230769 0.894444444444444 0.911102714956549 0.967741935483871 0.64 2 1.27886323268206 29.7 0.7 101.5 0.5 131.2 NA NA NA 1.84905660377358 1.37254901960784 NA 1.59376401973979 1.47273893521488 1.16929133858268
25 1.FA2 Low 1.FA2.03 fem low 2 80.2909999999995 0.666666666666667 15 11 8 7.29918181818177 1.375 0.740740740740741 0.584949166372213 1.15973154362416 1.42857142857143 0.709677419354839 0.735632183908046 0.815820532313395 0.938989689959721 10 14 20 29.2 25.4333333333333 3 0.709219858156028 0.813953488372093 0.769230769230769 0.811111111111111 0.823662762454795 0.967741935483871 1.6 5 0.548571428571429 NA NA NA NA 46 NA NA NA NA NA NA NA 0.631001371742112 NA
26 1.FA2 Low 1.FA2.03 mal low 2 80.2909999999995 0.666666666666667 15 11 8 7.29918181818177 1.375 0.740740740740741 0.584949166372213 1.15973154362416 1.42857142857143 0.709677419354839 0.735632183908046 0.815820532313395 0.938989689959721 10 14 20 29.2 25.4333333333333 3 0.709219858156028 0.813953488372093 0.769230769230769 0.811111111111111 0.823662762454795 0.967741935483871 0.64 2 1.53463587921847 46 0.3 64 0.533333333333333 110 NA NA NA 0.792452830188679 1.4640522875817 NA 1.00493494840736 1.23476587556126 1.81102362204724
27 1.FA2 Low 1.FA2.04 fem low 0 NA NA NA NA NA NA NA 0 NA NA NA NA NA NA NA 10 12 22 32.8 25.9666666666667 3 0.709219858156028 0.697674418604651 0.846153846153846 0.911111111111111 0.840934851837859 0.967741935483871 NA NA NA NA NA NA NA 0 NA NA NA NA NA NA NA 0 NA
28 1.FA2 Low 1.FA2.04 mal low 0 NA NA NA NA NA NA NA 0 NA NA NA NA NA NA NA 10 12 22 32.8 25.9666666666667 3 0.709219858156028 0.697674418604651 0.846153846153846 0.911111111111111 0.840934851837859 0.967741935483871 NA NA NA NA NA NA NA NA NA NA NA NA NA NA NA NA NA
29 1.FA2 Low 1.FA2.05 fem low 4 213.292 0.240740740740741 2 13 7 16.4070769230769 1.85714285714286 1.48148148148148 1.55390987276112 0.418791946308725 0.19047619047619 0.838709677419355 0.64367816091954 1.83379871367908 1.26824581501053 13 13 21 46.5 42.0666666666667 3 0.921985815602837 0.755813953488372 0.807692307692308 1.29166666666667 1.36233605008906 0.967741935483871 0.64 2 0.914285714285714 44 NA 110 NA 154 0.551714077315828 -0.325013220518244 0.325013220518244 NA NA -3.01929376961466 1.45098332460929 2.11248285322359 2.02198718282707
30 1.FA2 Low 1.FA2.05 mal low 4 213.292 0.240740740740741 2 13 7 16.4070769230769 1.85714285714286 1.48148148148148 1.55390987276112 0.418791946308725 0.19047619047619 0.838709677419355 0.64367816091954 1.83379871367908 1.26824581501053 13 13 21 46.5 42.0666666666667 3 0.921985815602837 0.755813953488372 0.807692307692308 1.29166666666667 1.36233605008906 0.967741935483871 0.96 3 1.02309058614565 30.8 0.2 9.4 0.2 40.2 NA NA NA 0.528301886792453 0.549019607843137 NA 0.147599820547331 0.451250801796023 1.21259842519685
31 1.FA2 Low 1.FA2.06 fem low 1 65.9890000000001 0.888888888888889 24 9 8 7.33211111111112 1.125 0.37037037037037 0.480753889473743 1.54630872483221 2.28571428571429 0.580645161290323 0.735632183908046 0.819500998693806 0.768264291785226 14 16 25 37 27.15 4 0.99290780141844 0.930232558139535 0.961538461538462 1.02777777777778 0.879257300156528 1.29032258064516 0.32 1 1.52380952380952 2.4 NA 3.6 NA 6 1 0 0 NA NA 0 0.047486726987213 0.0823045267489712 0.110290209972386
32 1.FA2 Low 1.FA2.06 mal low 1 65.9890000000001 0.888888888888889 24 9 8 7.33211111111112 1.125 0.37037037037037 0.480753889473743 1.54630872483221 2.28571428571429 0.580645161290323 0.735632183908046 0.819500998693806 0.768264291785226 14 16 25 37 27.15 4 0.99290780141844 0.930232558139535 0.961538461538462 1.02777777777778 0.879257300156528 1.29032258064516 0.96 3 0.170515097690941 NA NA NA NA NA NA NA NA NA NA NA NA NA NA
33 1.FA2 Low 1.FA2.07 fem low 5 148.389 0.4 1 16 9 9.27431250000001 1.77777777777778 1.85185185185185 1.08106788866507 0.695838926174497 0.0952380952380952 1.03225806451613 0.827586206896552 1.03657844797672 1.21404727590752 11 15 25 36.5 29.9333333333333 3 0.780141843971631 0.872093023255814 0.961538461538462 1.01388888888889 0.969396016624385 0.967741935483871 1.6 5 0.822857142857143 6.71428571428572 NA 40.2857142857143 NA 47 0.892753623188406 -0.032034632034632 0.032034632034632 NA NA -0.297593940209067 0.531399087714051 0.644718792866941 0.308549992184651
34 1.FA2 Low 1.FA2.07 mal low 5 148.389 0.4 1 16 9 9.27431250000001 1.77777777777778 1.85185185185185 1.08106788866507 0.695838926174497 0.0952380952380952 1.03225806451613 0.827586206896552 1.03657844797672 1.21404727590752 11 15 25 36.5 29.9333333333333 3 0.780141843971631 0.872093023255814 0.961538461538462 1.01388888888889 0.969396016624385 0.967741935483871 1.28 4 1.3214920071048 4.70000000000002 0.5 137.9 0.366666666666667 142.6 NA NA NA 1.32075471698113 1.00653594771242 NA 2.16532077164648 1.60070558050032 0.185039370078741
35 1.FA2 Low 1.FA2.08 fem low 3 204.143999999999 0.518518518518518 4 22 18 9.2792727272727 1.22222222222222 1.11111111111111 1.48726336226837 0.902013422818792 0.380952380952381 1.41935483870968 1.6551724137931 1.0371328464497 0.834657502186418 22 29 34 34.8 30.1333333333333 3 1.56028368794326 1.68604651162791 1.30769230769231 0.966666666666667 0.975873050143033 0.967741935483871 1.28 4 0.8 29.1111111111111 NA 101.888888888889 NA 131 2.69928400954654 0.629531388152078 0.629531388152078 NA NA 5.84819348269478 1.34399162491588 1.79698216735254 1.33777939873912
36 1.FA2 Low 1.FA2.08 mal low 3 204.143999999999 0.518518518518518 4 22 18 9.2792727272727 1.22222222222222 1.11111111111111 1.48726336226837 0.902013422818792 0.380952380952381 1.41935483870968 1.6551724137931 1.0371328464497 0.834657502186418 22 29 34 34.8 30.1333333333333 3 1.56028368794326 1.68604651162791 1.30769230769231 0.966666666666667 0.975873050143033 0.967741935483871 0.96 3 0.966252220248668 26.2 0.45 74.7 0.366666666666667 100.9 NA NA NA 1.18867924528302 1.00653594771242 NA 1.17294751009421 1.13261706221937 1.03149606299213
37 1.FA2 Low 1.FA2.09 fem low 5 148.388 0.451851851851852 5 17 11 8.72870588235294 1.54545454545455 1.85185185185185 1.081060603301 0.786040268456376 0.476190476190476 1.09677419354839 1.01149425287356 0.975596670521368 1.05539337053324 10 12 22 40.8 38.1 2 0.709219858156028 0.697674418604651 0.846153846153846 1.13333333333333 1.23387488530253 0.645161290322581 1.28 4 1.18095238095238 40.4 NA 60.6 NA 101 1.76756756756757 0.434250764525994 0.434250764525994 NA NA 4.03408398493173 0.799359904284753 1.38545953360768 1.85655186786849
38 1.FA2 Low 1.FA2.09 mal low 5 148.388 0.451851851851852 5 17 11 8.72870588235294 1.54545454545455 1.85185185185185 1.081060603301 0.786040268456376 0.476190476190476 1.09677419354839 1.01149425287356 0.975596670521368 1.05539337053324 10 12 22 40.8 38.1 2 0.709219858156028 0.697674418604651 0.846153846153846 1.13333333333333 1.23387488530253 0.645161290322581 1.28 4 0.895204262877442 40.4 0.15 35.5 0.233333333333333 75.9 NA NA NA 0.39622641509434 0.640522875816994 NA 0.557424854194706 0.851988454137268 1.59055118110236
39 1.FA2 Low 1.FA2.10 fem low 0 NA NA NA NA NA NA NA 0 NA NA NA NA NA NA NA 17 20 30 34.5 32.4666666666667 3 1.20567375886525 1.16279069767442 1.15384615384615 0.958333333333333 1.05143844119393 0.967741935483871 NA NA NA NA NA NA NA 0 NA NA NA NA NA NA NA 0 NA
40 1.FA2 Low 1.FA2.10 mal low 0 NA NA NA NA NA NA NA 0 NA NA NA NA NA NA NA 17 20 30 34.5 32.4666666666667 3 1.20567375886525 1.16279069767442 1.15384615384615 0.958333333333333 1.05143844119393 0.967741935483871 NA NA NA NA NA NA NA NA NA NA NA NA NA NA NA NA NA
41 1.FO1 High 1.FO1.01 fem high 10 318.324 0.588741329571249 12.3333333333333 40 17 7.95810000000001 2.35294117647059 0.763358778625954 0.873921304693864 1.1530923984693 1.32260947274352 0.823045267489712 1.23188405797101 1.09166607310043 0.676142253225685 15 18 28 30.5 27.1666666666667 3 1.30434782608696 1.25874125874126 1.07692307692308 0.906389301634473 0.947894859269598 1.03448275862069 0.975609756097561 8 0.933660271610261 37.6 NA 56.4 NA 94 3.10835165782779 0.452190719266123 0.452190719266123 NA NA 2.66867024512679 1.33203096525885 1.7059891107078 2.01515201640917
42 1.FO1 High 1.FO1.01 mal high 10 318.324 0.588741329571249 12.3333333333333 40 17 7.95810000000001 2.35294117647059 0.763358778625954 0.873921304693864 1.1530923984693 1.32260947274352 0.823045267489712 1.23188405797101 1.09166607310043 0.676142253225685 15 18 28 30.5 27.1666666666667 3 1.30434782608696 1.25874125874126 1.07692307692308 0.906389301634473 0.947894859269598 1.03448275862069 0.853658536585366 7 0.887063655030801 37.6 0.15 55.5 0.2 93.1 NA NA NA 0.616639477977162 0.767658818302977 NA 1.32265325036409 1.55080510827318 2.08054103904089
43 1.FO1 High 1.FO1.02 fem high 11 185.359999999999 0.414570842037675 7.33333333333333 27 12 6.86518518518516 2.25 0.83969465648855 0.508884196724262 0.81196692430068 0.786416443252904 0.555555555555556 0.869565217391304 0.941743601138251 0.646561029647062 11 19 38 30.2 24.0666666666667 3 0.956521739130435 1.32867132867133 1.46153846153846 0.897473997028232 0.839730169806933 1.03448275862069 1.09756097560976 9 0.90536753610692 0 NA 40 NA 40 0.498636673483299 -0.0893749525328473 0.0893749525328473 NA NA -0.527459468586882 0.944702812240316 0.725952813067151 0
44 1.FO1 High 1.FO1.02 mal high 11 185.359999999999 0.414570842037675 7.33333333333333 27 12 6.86518518518516 2.25 0.83969465648855 0.508884196724262 0.81196692430068 0.786416443252904 0.555555555555556 0.869565217391304 0.941743601138251 0.646561029647062 11 19 38 30.2 24.0666666666667 3 0.956521739130435 1.32867132867133 1.46153846153846 0.897473997028232 0.839730169806933 1.03448275862069 0.975609756097561 8 1.05338809034908 0 0.5 47 0.5 47 NA NA NA 2.05546492659054 1.91914704575744 NA 1.12008473454257 0.782898389783454 0
45 1.FO1 High 1.FO1.03 fem high 15 362.878000000001 0.428541084493159 5.66666666666667 50 8 7.25756000000001 6.25 1.14503816793893 0.99623909979989 0.83932865273908 0.607685433422699 1.02880658436214 0.579710144927536 0.995568292116303 1.79600286013073 7 9 9 32.8 32.8 1 0.608695652173913 0.629370629370629 0.346153846153846 0.974739970282318 1.14445219818562 0.344827586206897 0.975609756097561 8 1.18829489114033 42.7777777777778 NA 34.2222222222222 NA 77 3.15744833967308 0.341644281644282 0.341644281644282 NA NA 2.01626413368568 0.808245739361159 1.39745916515426 2.29265226453171
46 1.FO1 High 1.FO1.03 mal high 15 362.878000000001 0.428541084493159 5.66666666666667 50 8 7.25756000000001 6.25 1.14503816793893 0.99623909979989 0.83932865273908 0.607685433422699 1.02880658436214 0.579710144927536 0.995568292116303 1.79600286013073 7 9 9 32.8 32.8 1 0.608695652173913 0.629370629370629 0.346153846153846 0.974739970282318 1.14445219818562 0.344827586206897 1.09756097560976 9 1.14989733059548 38.5 0.233333333333333 53.5 0.3 92 NA NA NA 0.959216965742251 1.15148822745446 NA 1.27499007017079 1.53248195446974 2.13034122348601
47 1.FO1 High 1.FO1.04 fem high 18 428.223 0.615465919675882 14 63 16 6.79719047619048 3.9375 1.37404580152672 1.17563615329011 1.2054344375857 1.50134048257373 1.2962962962963 1.15942028985507 0.932416309830046 1.13148180188236 13 15 23 38.3 34.1333333333333 3 1.1304347826087 1.04895104895105 0.884615384615385 1.13818722139673 1.19097464526634 1.03448275862069 1.09756097560976 9 1.14679887906876 2.25 NA 15.75 NA 18 2.11223179900972 0.150447746384541 0.150447746384541 NA NA 0.887889572069078 0.371976732319624 0.326678765880218 0.120587554173421
48 1.FO1 High 1.FO1.04 mal high 18 428.223 0.615465919675882 14 63 16 6.79719047619048 3.9375 1.37404580152672 1.17563615329011 1.2054344375857 1.50134048257373 1.2962962962963 1.15942028985507 0.932416309830046 1.13148180188236 13 15 23 38.3 34.1333333333333 3 1.1304347826087 1.04895104895105 0.884615384615385 1.13818722139673 1.19097464526634 1.03448275862069 1.09756097560976 9 1.03490759753593 2.25 0.241666666666667 12.625 0.2125 14.875 NA NA NA 0.99347471451876 0.815637494446913 NA 0.300873824970211 0.247779011660189 0.124500461112819
49 1.FO1 High 1.FO1.05 fem high 4 101.095 0.46015559293524 20 15 6 6.73966666666667 2.5 0.305343511450382 0.277544496481654 0.901247949949717 2.14477211796247 0.308641975308642 0.434782608695652 0.924525382189951 0.718401144052291 4 6 13 29.4 25.2 2 0.347826086956522 0.41958041958042 0.5 0.87369985141159 0.87927424982554 0.689655172413793 0.975609756097561 8 0.526244880362147 1 NA 4 NA 5 0.775465013286094 -0.048258138206739 0.048258138206739 NA NA -0.284802522543034 0.0944702812240316 0.0907441016333938 0.0535944685215205
50 1.FO1 High 1.FO1.05 mal high 4 101.095 0.46015559293524 20 15 6 6.73966666666667 2.5 0.305343511450382 0.277544496481654 0.901247949949717 2.14477211796247 0.308641975308642 0.434782608695652 0.924525382189951 0.718401144052291 4 6 13 29.4 25.2 2 0.347826086956522 0.41958041958042 0.5 0.87369985141159 0.87927424982554 0.689655172413793 0.731707317073171 6 0.788501026694045 NA NA NA NA NA NA NA NA NA NA NA NA NA NA
51 1.FO1 High 1.FO1.06 fem high 14 456.899 0.479809092306718 5.66666666666667 56 16 8.15891071428572 3.5 1.06870229007634 1.25436275679283 0.939740747363951 0.607685433422699 1.1522633744856 1.15942028985507 1.11921262867284 1.00576160167321 14 15 33 37.2 25.8 4 1.21739130434783 1.04895104895105 1.26923076923077 1.10549777117385 0.900209351011863 1.37931034482759 0.975609756097561 8 1.15434360853632 33.2 NA 132.8 NA 166 2.55131362889984 0.238874841972187 0.238874841972187 NA NA 1.4097551230488 3.13641333663785 3.01270417422867 1.77933635491448
52 1.FO1 High 1.FO1.06 mal high 14 456.899 0.479809092306718 5.66666666666667 56 16 8.15891071428572 3.5 1.06870229007634 1.25436275679283 0.939740747363951 0.607685433422699 1.1522633744856 1.15942028985507 1.11921262867284 1.00576160167321 14 15 33 37.2 25.8 4 1.21739130434783 1.04895104895105 1.26923076923077 1.10549777117385 0.900209351011863 1.37931034482759 0.975609756097561 8 1.14579055441478 33.2 0.15 13.5 0.166666666666667 46.7 NA NA NA 0.616639477977162 0.639715681919147 NA 0.32172646630478 0.777901166018878 1.83707347064248
53 1.FO1 High 1.FO1.07 fem high 11 292.6 0.407844194543169 4.66666666666667 50 16 5.852 3.125 0.83969465648855 0.803299071868362 0.798792299548676 0.500446827524576 1.02880658436214 1.15942028985507 0.802758178432503 0.898001430065363 12 16 26 34.5 29.3666666666667 3 1.04347826086957 1.11888111888112 1 1.02526002971768 1.02465689695278 1.03448275862069 0.853658536585366 7 1.16404397499461 51.1 NA 21.9 NA 73 2.17564491654021 0.180122057541412 0.180122057541412 NA NA 1.06301689745404 0.517224789701573 1.32486388384755 2.7386773414497
54 1.FO1 High 1.FO1.07 mal high 11 292.6 0.407844194543169 4.66666666666667 50 16 5.852 3.125 0.83969465648855 0.803299071868362 0.798792299548676 0.500446827524576 1.02880658436214 1.15942028985507 0.802758178432503 0.898001430065363 12 16 26 34.5 29.3666666666667 3 1.04347826086957 1.11888111888112 1 1.02526002971768 1.02465689695278 1.03448275862069 1.09756097560976 9 0.969199178644764 51.1 0.289285714285714 138.1 0.340625 189.2 NA NA NA 1.18923327895595 1.30741892492226 NA 3.29114259234741 3.15158245419212 2.8275438057178
55 1.FO1 High 1.FO1.08 fem high 20 745.858 0.634470625295797 2.25 72 18 10.3591388888889 4 1.52671755725191 2.04766588908268 1.24265652559748 0.241286863270778 1.48148148148148 1.30434782608696 1.42103271780139 1.14944183048367 10 12 25 42.2 35.7666666666667 3 0.869565217391304 0.839160839160839 0.961538461538462 1.25408618127786 1.24796464294022 1.03448275862069 1.09756097560976 9 1.07135158439319 0 NA 21 NA 21 1.84340659340659 0.179742388758782 0.179742388758782 NA NA 1.06077622611772 0.495968976426166 0.381125226860254 0
56 1.FO1 High 1.FO1.08 mal high 20 745.858 0.634470625295797 2.25 72 18 10.3591388888889 4 1.52671755725191 2.04766588908268 1.24265652559748 0.241286863270778 1.48148148148148 1.30434782608696 1.42103271780139 1.14944183048367 10 12 25 42.2 35.7666666666667 3 0.869565217391304 0.839160839160839 0.961538461538462 1.25408618127786 1.24796464294022 1.03448275862069 1.09756097560976 9 1.23203285420945 0 0.2 23.6 0.2 23.6 NA NA NA 0.822185970636215 0.767658818302977 NA 0.562425526280948 0.393114936146585 0
57 1.FO1 High 1.FO1.09 fem high 22 652.256000000001 0.457995010587322 2.33333333333333 97 23 6.72428865979382 4.21739130434783 1.6793893129771 1.79069254757543 0.897016293436889 0.250223413762288 1.99588477366255 1.66666666666667 0.922415877612854 1.21191149518386 20 23 47 36.8 30.6 4 1.73913043478261 1.60839160839161 1.80769230769231 1.09361069836553 1.06769016050244 1.37931034482759 1.09756097560976 9 1.19206725587411 0 NA 55 NA 55 1.81334683202565 0.119608937854369 0.119608937854369 NA NA 0.70588979362781 1.29896636683043 0.998185117967332 0
58 1.FO1 High 1.FO1.09 mal high 22 652.256000000001 0.457995010587322 2.33333333333333 97 23 6.72428865979382 4.21739130434783 1.6793893129771 1.79069254757543 0.897016293436889 0.250223413762288 1.99588477366255 1.66666666666667 0.922415877612854 1.21191149518386 20 23 47 36.8 30.6 4 1.73913043478261 1.60839160839161 1.80769230769231 1.09361069836553 1.06769016050244 1.37931034482759 1.09756097560976 9 1.01848049281314 0 0.3 31.575 0.3 31.575 NA NA NA 1.23327895595432 1.15148822745446 NA 0.752482457301734 0.525957801221544 0
59 1.FO1 High 1.FO1.10 fem high 6 98.9860000000006 0.618166526492851 19 16 6 6.18662500000004 2.66666666666667 0.458015267175573 0.271754483690917 1.21072377100853 2.03753351206434 0.329218106995885 0.434782608695652 0.848660939105437 0.766294553655777 9 10 18 24.6 21.7 3 0.782608695652174 0.699300699300699 0.692307692307692 0.731054977711739 0.75715282623866 1.03448275862069 0.853658536585366 7 0.717827117913343 NA NA NA NA 2 NA NA NA NA NA NA NA 0.0362976406533575 NA
60 1.FO1 High 1.FO1.10 mal high 6 98.9860000000006 0.618166526492851 19 16 6 6.18662500000004 2.66666666666667 0.458015267175573 0.271754483690917 1.21072377100853 2.03753351206434 0.329218106995885 0.434782608695652 0.848660939105437 0.766294553655777 9 10 18 24.6 21.7 3 0.782608695652174 0.699300699300699 0.692307692307692 0.731054977711739 0.75715282623866 1.03448275862069 0.975609756097561 8 0.720739219712526 0 0.125 2.25 0.125 2.25 NA NA NA 0.513866231647635 0.47978676143936 NA 0.0536210777174633 0.0374791782343143 0
61 1.FO2 High 1.FO2.01 fem high 4 88.4139999999998 0.6953125 13 15 9 5.89426666666665 1.66666666666667 0.481927710843373 0.278158367229827 1.29940716311848 1.37809187279152 0.402144772117963 0.588235294117647 0.723489093061578 0.730277611854324 9 10 23 36.7 36 2 0.569620253164557 0.540540540540541 0.787671232876712 0.984178063824082 1.12248609884114 0.645161290322581 1.13924050632911 9 0.630179028132992 NA NA NA NA 74 NA NA NA NA NA NA NA 0.731948565776459 NA
62 1.FO2 High 1.FO2.01 mal high 4 88.4139999999998 0.6953125 13 15 9 5.89426666666665 1.66666666666667 0.481927710843373 0.278158367229827 1.29940716311848 1.37809187279152 0.402144772117963 0.588235294117647 0.723489093061578 0.730277611854324 9 10 23 36.7 36 2 0.569620253164557 0.540540540540541 0.787671232876712 0.984178063824082 1.12248609884114 0.645161290322581 0.886075949367089 7 0.497093023255814 NA NA NA NA NA NA NA NA NA NA NA NA NA NA
63 1.FO2 High 1.FO2.02 fem high 13 360.427999999999 0.433660130718954 3.33333333333333 56 18 6.43621428571427 3.11111111111111 1.56626506024096 1.13393878779279 0.810428519859926 0.353356890459364 1.50134048257373 1.17647058823529 0.790010208166365 1.36318487546141 18 21 30 34 26.1 4 1.13924050632911 1.13513513513514 1.02739726027397 0.911772593188522 0.813802421659824 1.29032258064516 1.0126582278481 8 1.31048593350384 272.7 NA 30.3 NA 303 NA NA NA NA NA NA 0.514031243373153 2.99703264094956 4.68724486141947
64 1.FO2 High 1.FO2.02 mal high 13 360.427999999999 0.433660130718954 3.33333333333333 56 18 6.43621428571427 3.11111111111111 1.56626506024096 1.13393878779279 0.810428519859926 0.353356890459364 1.50134048257373 1.17647058823529 0.790010208166365 1.36318487546141 18 21 30 34 26.1 4 1.13924050632911 1.13513513513514 1.02739726027397 0.911772593188522 0.813802421659824 1.29032258064516 1.0126582278481 8 1.48800872093023 272.7 0.55 216.4 0.62 489.1 NA NA NA 1.95351896513922 2.03361004251873 NA 2.75337527390966 3.19151712887439 3.65277571067123
65 1.FO2 High 1.FO2.03 fem high 6 94.213 0.444852941176471 5 13 11 7.24715384615385 1.18181818181818 0.72289156626506 0.296402540907817 0.831345759351413 0.530035335689046 0.348525469168901 0.718954248366013 0.889548617317096 0.517833215678521 12 15 22 30.9 26.0666666666667 3 0.759493670886076 0.810810810810811 0.753424657534247 0.82864038616251 0.812763082679417 0.967741935483871 0.886075949367089 7 0.883887468030691 0 NA 70 NA 70 1.57650942576666 0.130022139932209 0.130022139932209 NA NA 0.589138363905029 1.18753092528451 0.692383778437191 0
66 1.FO2 High 1.FO2.03 mal high 6 94.213 0.444852941176471 5 13 11 7.24715384615385 1.18181818181818 0.72289156626506 0.296402540907817 0.831345759351413 0.530035335689046 0.348525469168901 0.718954248366013 0.889548617317096 0.517833215678521 12 15 22 30.9 26.0666666666667 3 0.759493670886076 0.810810810810811 0.753424657534247 0.82864038616251 0.812763082679417 0.967741935483871 1.0126582278481 8 1.07594476744186 NA NA NA NA NA NA NA NA NA NA NA NA NA NA
67 1.FO2 High 1.FO2.04 fem high 5 112.89 0.318933823529412 3.5 14 8 8.06357142857143 1.75 0.602409638554217 0.355162056649119 0.596026815072191 0.371024734982332 0.375335120643432 0.522875816993464 0.989759423795056 0.76679149244704 11 13 13 28.2 28.2 1 0.69620253164557 0.702702702702703 0.445205479452055 0.756234915526951 0.879280777425557 0.32258064516129 0.886075949367089 7 0.883887468030691 0 NA 27 NA 27 2.40566037735849 0.584313725490196 0.584313725490196 NA NA 2.64756165697648 0.458047642609741 0.267062314540059 0
68 1.FO2 High 1.FO2.04 mal high 5 112.89 0.318933823529412 3.5 14 8 8.06357142857143 1.75 0.602409638554217 0.355162056649119 0.596026815072191 0.371024734982332 0.375335120643432 0.522875816993464 0.989759423795056 0.76679149244704 11 13 13 28.2 28.2 1 0.69620253164557 0.702702702702703 0.445205479452055 0.756234915526951 0.879280777425557 0.32258064516129 1.0126582278481 8 0.984375 0 0.1 15.9 0.1 15.9 NA NA NA 0.35518526638895 0.328001619761085 NA 0.202304375485969 0.103752039151713 0
69 1.FO2 High 1.FO2.05 fem high 10 625.802000000001 0.595179738562091 10 76 23 8.23423684210527 3.30434782608696 1.20481927710843 1.96882917331147 1.1122780269743 1.06007067137809 2.03753351206434 1.50326797385621 1.01070767270155 1.44785474350249 20 25 28 45.2 39 3 1.26582278481013 1.35135135135135 0.958904109589041 1.21212121212121 1.2160266070779 0.967741935483871 1.0126582278481 8 0.923785166240409 6.33333333333333 NA 12.6666666666667 NA 19 1.20741885625966 0.0687147977470559 0.0687147977470559 NA NA 0.311351001774562 0.214886548384817 0.187932739861523 0.108859127694622
70 1.FO2 High 1.FO2.05 mal high 10 625.802000000001 0.595179738562091 10 76 23 8.23423684210527 3.30434782608696 1.20481927710843 1.96882917331147 1.1122780269743 1.06007067137809 2.03753351206434 1.50326797385621 1.01070767270155 1.44785474350249 20 25 28 45.2 39 3 1.26582278481013 1.35135135135135 0.958904109589041 1.21212121212121 1.2160266070779 0.967741935483871 1.13924050632911 9 0.936046511627907 6.33333333333334 0.28 139.1 0.288888888888889 145.433333333333 NA NA NA 0.994518745889059 0.947560234865357 NA 1.76984519686153 0.948994018488309 0.0848340526864118
71 1.FO2 High 1.FO2.06 fem high 2 245.408999999999 0.704044117647059 23.5 23 16 10.6699565217391 1.4375 0.240963855421687 0.772078706353116 1.31572490013054 2.49116607773852 0.616621983914209 1.04575163398693 1.30967898187835 0.629864440224355 17 20 29 37.5 30.35 2 1.07594936708861 1.08108108108108 0.993150684931507 1.00563153660499 0.946318141661903 0.645161290322581 0.886075949367089 7 0.491048593350384 NA NA NA NA 0 NA NA NA NA NA NA NA 0 NA
72 1.FO2 High 1.FO2.06 mal high 2 245.408999999999 0.704044117647059 23.5 23 16 10.6699565217391 1.4375 0.240963855421687 0.772078706353116 1.31572490013054 2.49116607773852 0.616621983914209 1.04575163398693 1.30967898187835 0.629864440224355 17 20 29 37.5 30.35 2 1.07594936708861 1.08108108108108 0.993150684931507 1.00563153660499 0.946318141661903 0.645161290322581 0.506329113924051 4 0.412063953488372 NA NA NA NA NA NA NA NA NA NA NA NA NA NA
73 1.FO2 High 1.FO2.07 fem high 12 760.098 0.334208683473389 2.33333333333333 64 21 11.87653125 3.04761904761905 1.44578313253012 2.39133642426151 0.624572630697303 0.247349823321555 1.71581769436997 1.37254901960784 1.45777945055874 1.33536477596219 20 22 41 43.4 33.35 4 1.26582278481013 1.18918918918919 1.4041095890411 1.16385089836417 1.03985864989866 1.29032258064516 1.13924050632911 9 1.08849104859335 163.8 NA 109.2 NA 273 1.63029031129766 0.193306157476936 0.193306157476936 NA NA 0.87588216443836 1.85254824344384 2.70029673590504 2.81544080784932
74 1.FO2 High 1.FO2.07 mal high 12 760.098 0.334208683473389 2.33333333333333 64 21 11.87653125 3.04761904761905 1.44578313253012 2.39133642426151 0.624572630697303 0.247349823321555 1.71581769436997 1.37254901960784 1.45777945055874 1.33536477596219 20 22 41 43.4 33.35 4 1.26582278481013 1.18918918918919 1.4041095890411 1.16385089836417 1.03985864989866 1.29032258064516 1.13924050632911 9 1.28197674418605 163.8 0.348148148148148 71.4444444444444 0.411111111111111 235.244444444444 NA NA NA 1.2365709274282 1.34845110346224 NA 0.909026648759454 1.53503715787566 2.19407649947909
75 1.FO2 High 1.FO2.08 fem high 14 171.337 0.58032066993464 6 31 14 5.527 2.21428571428571 1.68674698795181 0.539041556383117 1.084509246445 0.636042402826855 0.831099195710456 0.915032679738562 0.678409112360828 0.970225970035031 23 26 41 40.5 30.75 6 1.45569620253165 1.40540540540541 1.4041095890411 1.08608205953339 0.958790209426804 1.93548387096774 1.0126582278481 8 1.61125319693095 0 NA 159 NA 159 1.63875751737023 0.112603571612372 0.112603571612372 NA NA 0.510213752705221 2.69739167314625 1.57270029673591 0
76 1.FO2 High 1.FO2.08 mal high 14 171.337 0.58032066993464 6 31 14 5.527 2.21428571428571 1.68674698795181 0.539041556383117 1.084509246445 0.636042402826855 0.831099195710456 0.915032679738562 0.678409112360828 0.970225970035031 23 26 41 40.5 30.75 6 1.45569620253165 1.40540540540541 1.4041095890411 1.08608205953339 0.958790209426804 1.93548387096774 1.13924050632911 9 1.52616279069767 0 0.305555555555556 19.6111111111111 0.305555555555556 19.6111111111111 NA NA NA 1.08528831396624 1.0022271714922 NA 0.249522867038948 0.127968098604314 0
77 1.FO2 High 1.FO2.09 fem high 9 273.963 0.613357843137255 11.6666666666667 36 19 7.61008333333335 1.89473684210526 1.08433734939759 0.861912149222807 1.14624945607543 1.23674911660777 0.96514745308311 1.24183006535948 0.934096232885581 0.830210337687021 17 21 33 36.2 31.7 4 1.07594936708861 1.13513513513514 1.13013698630137 0.970769643336015 0.988411370368446 1.29032258064516 1.13924050632911 9 1.1457800511509 17.5 NA 17.5 NA 35 NA NA NA NA NA NA 0.296882731321128 0.346191889218595 0.300794958103559
78 1.FO2 High 1.FO2.09 mal high 9 273.963 0.613357843137255 11.6666666666667 36 19 7.61008333333335 1.89473684210526 1.08433734939759 0.861912149222807 1.14624945607543 1.23674911660777 0.96514745308311 1.24183006535948 0.934096232885581 0.830210337687021 17 21 33 36.2 31.7 4 1.07594936708861 1.13513513513514 1.13013698630137 0.970769643336015 0.988411370368446 1.29032258064516 1.0126582278481 8 0.984375 NA NA NA NA NA NA NA NA NA NA NA NA NA NA
79 1.FO2 High 1.FO2.10 fem high 8 445.994999999999 0.631127450980392 16 45 14 9.91099999999999 3.21428571428571 0.963855421686747 1.40314023788842 1.17945748227542 1.69611307420495 1.20643431635389 0.915032679738562 1.21652120727486 1.40839253714763 11 12 32 40.3 39.2 2 0.69620253164557 0.648648648648649 1.0958904109589 1.08071869133816 1.22226264096035 0.645161290322581 0.886075949367089 7 1.03120204603581 5.1 NA 45.9 NA 51 1.88844936708861 0.235232509426058 0.235232509426058 NA NA 1.06585306020034 0.778680992436559 0.504451038575668 0.0876602449330373
80 1.FO2 High 1.FO2.10 mal high 8 445.994999999999 0.631127450980392 16 45 14 9.91099999999999 3.21428571428571 0.963855421686747 1.40314023788842 1.17945748227542 1.69611307420495 1.20643431635389 0.915032679738562 1.21652120727486 1.40839253714763 11 12 32 40.3 39.2 2 0.69620253164557 0.648648648648649 1.0958904109589 1.08071869133816 1.22226264096035 0.645161290322581 1.13924050632911 9 0.813953488372093 5.1 0.105555555555556 9.11111111111111 0.103703703703704 14.2111111111111 NA NA NA 0.374917781188336 0.340149827900385 NA 0.115925637944441 0.092731557005619 0.0683137371632684
81 1.MO1 Medium 1.MO1.01 fem medium 7 152.248 0.562857142857143 12 27 13 5.63881481481483 2.07692307692308 1.34615384615385 0.90753457319981 1.06822244090535 1.37579617834395 1.31351351351351 1.31460674157303 0.741161229888211 1.06876019669684 14 17 21 32.9 30.65 2 1.14754098360656 1.18055555555556 1.09375 0.905089408528198 0.949700475108448 0.8 1.26315789473684 8 0.965458525906105 0 NA 82 NA 82 0.699588938714499 -0.0572547762761961 0.0572547762761961 NA NA -0.195253470418722 1.86246056782334 1.36894824707846 0
82 1.MO1 Medium 1.MO1.01 mal medium 7 152.248 0.562857142857143 12 27 13 5.63881481481483 2.07692307692308 1.34615384615385 0.90753457319981 1.06822244090535 1.37579617834395 1.31351351351351 1.31460674157303 0.741161229888211 1.06876019669684 14 17 21 32.9 30.65 2 1.14754098360656 1.18055555555556 1.09375 0.905089408528198 0.949700475108448 0.8 1.10526315789474 7 1.01558301988178 0 0.183333333333333 24.6 0.183333333333333 24.6 NA NA NA 0.659176029962547 0.625698324022346 NA 0.511700468018721 0.336870934611434 0
83 1.MO1 Medium 1.MO1.02 fem medium 8 542.384 0.76 1.5 51 16 10.6349803921569 3.1875 1.53846153846154 3.23309489747257 1.44237141766915 0.171974522292994 2.48108108108108 1.61797752808989 1.39785316704834 1.64025002409723 20 21 26 40.5 37.3666666666667 3 1.63934426229508 1.45833333333333 1.35416666666667 1.11416781292985 1.15781863251394 1.2 1.10526315789474 7 0.998297251277061 165.6 NA 18.4 NA 184 NA NA NA NA NA NA 0.417917981072555 3.07178631051753 7.35092478421702
84 1.MO1 Medium 1.MO1.02 mal medium 8 542.384 0.76 1.5 51 16 10.6349803921569 3.1875 1.53846153846154 3.23309489747257 1.44237141766915 0.171974522292994 2.48108108108108 1.61797752808989 1.39785316704834 1.64025002409723 20 21 26 40.5 37.3666666666667 3 1.63934426229508 1.45833333333333 1.35416666666667 1.11416781292985 1.15781863251394 1.2 1.26315789473684 8 1.09175174637292 165.6 0.475 156.5 0.535714285714286 322.1 NA NA NA 1.70786516853933 1.82833925850686 NA 3.25533021320853 4.41081821294077 6.6372745490982
85 1.MO1 Medium 1.MO1.03 fem medium 6 255.699000000001 0.456 4 19 11 13.4578421052632 1.72727272727273 1.15384615384615 1.52419527896996 0.86542285060149 0.45859872611465 0.924324324324324 1.1123595505618 1.76888781312209 0.888834237656964 14 16 16 37.2 34.9 2 1.14754098360656 1.11111111111111 0.833333333333333 1.02338376891334 1.08138814294567 0.8 1.10526315789474 7 0.866942349793238 0 NA 6 NA 6 0 -0.345897582333904 0.345897582333904 NA NA -1.17959946318434 0.136277602523659 0.10016694490818 0
86 1.MO1 Medium 1.MO1.03 mal medium 6 255.699000000001 0.456 4 19 11 13.4578421052632 1.72727272727273 1.15384615384615 1.52419527896996 0.86542285060149 0.45859872611465 0.924324324324324 1.1123595505618 1.76888781312209 0.888834237656964 14 16 16 37.2 34.9 2 1.14754098360656 1.11111111111111 0.833333333333333 1.02338376891334 1.08138814294567 0.8 1.10526315789474 7 1.04459967759269 0 0.1 41.1 0.1 41.1 NA NA NA 0.359550561797753 0.34128999492128 NA 0.854914196567863 0.56282095172886 0
87 1.MO1 Medium 1.MO1.04 fem medium 8 137.047 0.53 4 21 14 6.52604761904761 1.5 1.53846153846154 0.816922985216975 1.00586427811138 0.45859872611465 1.02162162162162 1.41573033707865 0.857778387567281 0.771882364281048 13 16 25 37.3 33.1666666666667 3 1.0655737704918 1.11111111111111 1.30208333333333 1.02613480055021 1.02768023135716 1.2 1.10526315789474 7 0.919484310386767 18.4 NA 73.6 NA 92 1.69308357348703 0.219300911854103 0.219300911854103 NA NA 0.747872350403478 1.67167192429022 1.53589315525876 0.816769420468557
88 1.MO1 Medium 1.MO1.04 mal medium 8 137.047 0.53 4 21 14 6.52604761904761 1.5 1.53846153846154 0.816922985216975 1.00586427811138 0.45859872611465 1.02162162162162 1.41573033707865 0.857778387567281 0.771882364281048 13 16 25 37.3 33.1666666666667 3 1.0655737704918 1.11111111111111 1.30208333333333 1.02613480055021 1.02768023135716 1.2 1.10526315789474 7 0.812466415905427 18.4 0.4 45.3 0.333333333333333 63.7 NA NA NA 1.43820224719101 1.13763331640427 NA 0.942277691107644 0.872304005477576 0.7374749498998
89 1.MO1 Medium 1.MO1.05 fem medium 3 19.1759999999999 0.12 3 3 3 6.39199999999998 1 0.576923076923077 0.114306151645207 0.227742855421445 0.343949044585987 0.145945945945946 0.303370786516854 0.840159277619583 0.514588242854032 13 13 20 40.5 36.3 2 1.0655737704918 0.902777777777778 1.04166666666667 1.11416781292985 1.12476760999793 0.8 0.473684210526316 3 1.04208221843834 15.75 NA 5.25 NA 21 NA NA NA NA NA NA 0.119242902208202 0.350584307178631 0.699136868064118
90 1.MO1 Medium 1.MO1.05 mal medium 3 19.1759999999999 0.12 3 3 3 6.39199999999998 1 0.576923076923077 0.114306151645207 0.227742855421445 0.343949044585987 0.145945945945946 0.303370786516854 0.840159277619583 0.514588242854032 13 13 20 40.5 36.3 2 1.0655737704918 0.902777777777778 1.04166666666667 1.11416781292985 1.12476760999793 0.8 0.631578947368421 4 0.812466415905427 12.6 0.175 9.7 0.316666666666667 22.3 NA NA NA 0.629213483146067 1.08075165058405 NA 0.201768070722829 0.305374871619308 0.50501002004008
91 1.MO1 Medium 1.MO1.06 fem medium 7 133.971 0.634285714285714 17 24 8 5.58212500000002 3 1.34615384615385 0.798587267525038 1.20378366437049 1.94904458598726 1.16756756756757 0.808988764044944 0.733709966768187 1.5437647285621 9 9 17 34.1 30.45 2 0.737704918032787 0.625 0.885416666666667 0.938101788170564 0.943503408386697 0.8 1.10526315789474 7 1.23473607394794 0 NA 82 NA 82 3.70869191049914 0.438217890706578 0.438217890706578 NA NA 1.49443539080957 1.86246056782334 1.36894824707846 0
92 1.MO1 Medium 1.MO1.06 mal medium 7 133.971 0.634285714285714 17 24 8 5.58212500000002 3 1.34615384615385 0.798587267525038 1.20378366437049 1.94904458598726 1.16756756756757 0.808988764044944 0.733709966768187 1.5437647285621 9 9 17 34.1 30.45 2 0.737704918032787 0.625 0.885416666666667 0.938101788170564 0.943503408386697 0.8 0.947368421052632 6 1.45566899516389 0 0.175 9.7 0.175 9.7 NA NA NA 0.629213483146067 0.59725749111224 NA 0.201768070722829 0.132831222184184 0
93 1.MO1 Medium 1.MO1.07 fem medium 3 102.408 0.52 15 13 9 7.87753846153845 1.44444444444444 0.576923076923077 0.610443490701 0.986885706826261 1.71974522292994 0.632432432432432 0.910112359550562 1.03541724394034 0.743294128566935 14 17 17 35.5 31.9 2 1.14754098360656 1.18055555555556 0.885416666666667 0.976616231086657 0.988432142119397 0.8 0.631578947368421 4 1.05740695694478 0 NA 67 NA 67 2.1 0.419047619047619 0.419047619047619 NA NA 1.42905984812603 1.5217665615142 1.11853088480801 0
94 1.MO1 Medium 1.MO1.07 mal medium 3 102.408 0.52 15 13 9 7.87753846153845 1.44444444444444 0.576923076923077 0.610443490701 0.986885706826261 1.71974522292994 0.632432432432432 0.910112359550562 1.03541724394034 0.743294128566935 14 17 17 35.5 31.9 2 1.14754098360656 1.18055555555556 0.885416666666667 0.976616231086657 0.988432142119397 0.8 0.789473684210526 5 0.934336378291241 0 0.4 32.8 0.4 32.8 NA NA NA 1.43820224719101 1.36515997968512 NA 0.682267290691628 0.449161246148579 0
95 1.MO1 Medium 1.MO1.08 fem medium 7 105.092 0.445714285714286 2 17 8 6.1818823529412 2.125 1.34615384615385 0.62644253695756 0.845902034422509 0.229299363057325 0.827027027027027 0.808988764044944 0.812541585102682 1.09350001606482 9 12 16 37.2 31.5333333333333 3 0.737704918032787 0.833333333333333 0.833333333333333 1.02338376891334 0.977070853129517 1.2 1.26315789473684 8 1.14935538798346 3 NA 9 NA 12 6.21480987324883 0.839094031773293 0.839094031773293 NA NA 2.86152583884061 0.204416403785489 0.200333889816361 0.133168927250308
96 1.MO1 Medium 1.MO1.08 mal medium 7 105.092 0.445714285714286 2 17 8 6.1818823529412 2.125 1.34615384615385 0.62644253695756 0.845902034422509 0.229299363057325 0.827027027027027 0.808988764044944 0.812541585102682 1.09350001606482 9 12 16 37.2 31.5333333333333 3 0.737704918032787 0.833333333333333 0.833333333333333 1.02338376891334 0.977070853129517 1.2 1.26315789473684 8 1.14253089736701 3 0.316666666666667 64.9 0.3 67.9 NA NA NA 1.13857677902622 1.02386998476384 NA 1.34997399895996 0.929818555289284 0.120240480961924
97 1.MO1 Medium 1.MO1.09 fem medium 3 61.8150000000005 0.713333333333333 20 10 7 6.18150000000005 1.42857142857143 0.576923076923077 0.368472818311877 1.35380475167192 2.29299363057325 0.486486486486486 0.707865168539326 0.812491328943291 0.735126061220046 7 11 17 34 29.0666666666667 3 0.573770491803279 0.763888888888889 0.885416666666667 0.9353507565337 0.900640363561248 1.2 0.947368421052632 6 0.766236925322306 0 NA 53 NA 53 3.57352941176471 0.540123456790123 0.540123456790123 NA NA 1.84195950542338 1.20378548895899 0.884808013355593 0
98 1.MO1 Medium 1.MO1.09 mal medium 3 61.8150000000005 0.713333333333333 20 10 7 6.18150000000005 1.42857142857143 0.576923076923077 0.368472818311877 1.35380475167192 2.29299363057325 0.486486486486486 0.707865168539326 0.812491328943291 0.735126061220046 7 11 17 34 29.0666666666667 3 0.573770491803279 0.763888888888889 0.885416666666667 0.9353507565337 0.900640363561248 1.2 0.789473684210526 5 0.690596453519613 NA NA NA NA NA NA NA NA NA NA NA NA NA NA
99 1.MO1 Medium 1.MO1.10 fem medium 0 NA NA NA NA NA NA NA 0 NA NA NA NA NA NA NA 9 12 17 34.3 27.4 3 0.737704918032787 0.833333333333333 0.885416666666667 0.943603851444291 0.848998140879983 1.2 NA NA NA NA NA NA NA 0 NA NA NA NA NA NA NA 0 NA
100 1.MO1 Medium 1.MO1.10 mal medium 0 NA NA NA NA NA NA NA 0 NA NA NA NA NA NA NA 9 12 17 34.3 27.4 3 0.737704918032787 0.833333333333333 0.885416666666667 0.943603851444291 0.848998140879983 1.2 NA NA NA NA NA NA NA NA NA NA NA NA NA NA NA NA NA
101 1.MO2 Medium 1.MO2.01 fem medium 1 24.4949999999994 1 8 3 2 8.16499999999981 1.5 0.769230769230769 0.133918778083406 1.72506738544474 2.32727272727273 0.220183486238532 0.307692307692308 0.619894679072686 0.771704180064309 11 13 19 29 25.575 4 0.83969465648855 0.817610062893082 0.778688524590164 0.869044051543302 0.892566309911587 1.25 1.14285714285714 3 0.81447963800905 NA NA NA NA 0 NA NA NA NA NA NA NA 0 NA
102 1.MO2 Medium 1.MO2.01 mal medium 1 24.4949999999994 1 8 3 2 8.16499999999981 1.5 0.769230769230769 0.133918778083406 1.72506738544474 2.32727272727273 0.220183486238532 0.307692307692308 0.619894679072686 0.771704180064309 11 13 19 29 25.575 4 0.83969465648855 0.817610062893082 0.778688524590164 0.869044051543302 0.892566309911587 1.25 0 0 NA NA NA NA NA NA NA NA NA NA NA NA NA NA NA
103 1.MO2 Medium 1.MO2.02 fem medium 2 129.143 0.8125 5 8 6 16.142875 1.33333333333333 1.53846153846154 0.706049102185166 1.40161725067385 1.45454545454545 0.587155963302752 0.923076923076923 1.22558264757326 0.685959271168274 17 27 37 36.2 27.05 4 1.29770992366412 1.69811320754717 1.51639344262295 1.08480671261612 0.944043741275011 1.25 1.9047619047619 5 0.760180995475113 0 NA 7 NA 7 0 -0.399766218585622 0.399766218585622 NA NA 2.29220115436445 0.284759552520703 0.274509803921569 0
104 1.MO2 Medium 1.MO2.02 mal medium 2 129.143 0.8125 5 8 6 16.142875 1.33333333333333 1.53846153846154 0.706049102185166 1.40161725067385 1.45454545454545 0.587155963302752 0.923076923076923 1.22558264757326 0.685959271168274 17 27 37 36.2 27.05 4 1.29770992366412 1.69811320754717 1.51639344262295 1.08480671261612 0.944043741275011 1.25 1.14285714285714 3 0.933333333333333 0 0.3 20.1 0.3 20.1 NA NA NA 0.727272727272727 0.659541984732824 NA 1.23660599846193 0.490992366412214 0
105 1.MO2 Medium 1.MO2.03 fem medium 1 74.0510000000001 0.5 4 5 3 14.8102 1.66666666666667 0.769230769230769 0.404850762843622 0.862533692722372 1.16363636363636 0.36697247706422 0.461538461538462 1.12440467556675 0.857449088960343 4 6 10 29.5 29.5 1 0.305343511450382 0.377358490566038 0.409836065573771 0.884027569673359 1.0295486272685 0.3125 0.761904761904762 2 0.81447963800905 NA NA NA NA 0 NA NA NA NA NA NA NA 0 NA
106 1.MO2 Medium 1.MO2.03 mal medium 1 74.0510000000001 0.5 4 5 3 14.8102 1.66666666666667 0.769230769230769 0.404850762843622 0.862533692722372 1.16363636363636 0.36697247706422 0.461538461538462 1.12440467556675 0.857449088960343 4 6 10 29.5 29.5 1 0.305343511450382 0.377358490566038 0.409836065573771 0.884027569673359 1.0295486272685 0.3125 0.761904761904762 2 1.4 0 0.5 3.5 0.5 3.5 NA NA NA 1.21212121212121 1.09923664122137 NA 0.215329402717252 0.0854961832061069 0
107 1.MO2 Medium 1.MO2.04 fem medium 1 101.997 0.4 2 9 4 11.333 2.25 0.769230769230769 0.557636807845417 0.690026954177898 0.581818181818182 0.660550458715596 0.615384615384615 0.86041229613361 1.15755627009646 15 20 31 33 26.575 4 1.14503816793893 1.25786163522013 1.27049180327869 0.988912196583758 0.927466263378315 1.25 0.380952380952381 1 1.08597285067873 2.57142857142857 NA 6.42857142857143 NA 9 1 0 0 NA NA 0 0.261513874763911 0.352941176470588 0.154274694664667
108 1.MO2 Medium 1.MO2.04 mal medium 1 101.997 0.4 2 9 4 11.333 2.25 0.769230769230769 0.557636807845417 0.690026954177898 0.581818181818182 0.660550458715596 0.615384615384615 0.86041229613361 1.15755627009646 15 20 31 33 26.575 4 1.14503816793893 1.25786163522013 1.27049180327869 0.988912196583758 0.927466263378315 1.25 1.14285714285714 3 0.583333333333333 NA NA NA NA NA NA NA NA NA NA NA NA NA NA
109 1.MO2 Medium 1.MO2.05 fem medium 0 NA NA NA NA NA NA NA 0 NA NA NA NA NA NA NA 13 16 24 35.5 29.625 4 0.99236641221374 1.0062893081761 0.983606557377049 1.06382978723404 1.03391112145184 1.25 NA NA NA NA NA NA NA 1 NA NA NA NA NA NA NA 0.0392156862745098 NA
110 1.MO2 Medium 1.MO2.05 mal medium 0 NA NA NA NA NA NA NA 0 NA NA NA NA NA NA NA 13 16 24 35.5 29.625 4 0.99236641221374 1.0062893081761 0.983606557377049 1.06382978723404 1.03391112145184 1.25 NA NA NA NA NA NA NA NA NA NA NA NA NA NA NA NA NA
111 1.MO2 Medium 1.MO2.06 fem medium 3 458.823999999999 0.65 2.5 30 12 15.2941333333333 2.5 2.30769230769231 2.50847721720114 1.12129380053908 0.727272727272727 2.20183486238532 1.84615384615385 1.16114536122005 1.28617363344051 15 16 25 37 32.6 3 1.14503816793893 1.0062893081761 1.02459016393443 1.10878034162421 1.13773848301536 0.9375 1.52380952380952 4 0.950226244343891 NA NA NA NA 81 NA NA NA NA NA NA NA 3.17647058823529 NA
112 1.MO2 Medium 1.MO2.06 mal medium 3 458.823999999999 0.65 2.5 30 12 15.2941333333333 2.5 2.30769230769231 2.50847721720114 1.12129380053908 0.727272727272727 2.20183486238532 1.84615384615385 1.16114536122005 1.28617363344051 15 16 25 37 32.6 3 1.14503816793893 1.0062893081761 1.02459016393443 1.10878034162421 1.13773848301536 0.9375 1.52380952380952 4 0.9625 81 0.35 48.4 0.566666666666667 129.4 NA NA NA 0.848484848484849 1.24580152671756 NA 2.97769802614714 3.16091603053435 3.28156650911546
113 1.MO2 Medium 1.MO2.07 fem medium 2 147.701 0.5 2 11 10 13.4273636363637 1.1 1.53846153846154 0.807509183167896 0.862533692722372 0.581818181818182 0.807339449541284 1.53846153846154 1.01941840442818 0.565916398713826 11 13 17 31.5 27.2666666666667 3 0.83969465648855 0.817610062893082 0.69672131147541 0.943961642193587 0.951605397859471 0.9375 1.14285714285714 3 1.26696832579186 6.7 NA 60.3 NA 67 1.13984674329502 0.0613445378151261 0.0613445378151261 NA NA -0.351740627037672 2.45300014528549 2.62745098039216 0.401971287765159
114 1.MO2 Medium 1.MO2.07 mal medium 2 147.701 0.5 2 11 10 13.4273636363637 1.1 1.53846153846154 0.807509183167896 0.862533692722372 0.581818181818182 0.807339449541284 1.53846153846154 1.01941840442818 0.565916398713826 11 13 17 31.5 27.2666666666667 3 0.83969465648855 0.817610062893082 0.69672131147541 0.943961642193587 0.951605397859471 0.9375 1.52380952380952 4 0.7875 6.7 0.2 16.4 0.15 23.1 NA NA NA 0.484848484848485 0.329770992366412 NA 1.00897205844655 0.564274809160305 0.271438217420662
115 1.MO2 Medium 1.MO2.08 fem medium 1 130.947 0.375 3 9 5 14.5496666666667 1.8 0.769230769230769 0.715911909928072 0.646900269541779 0.872727272727273 0.660550458715596 0.769230769230769 1.10462473349027 0.92604501607717 12 14 21 30.4 24.725 4 0.916030534351145 0.880503144654088 0.860655737704918 0.910997902307462 0.862901349464867 1.25 0.761904761904762 2 1.22171945701357 57.4 NA 24.6 NA 82 0.481331987891019 -0.359189378057303 0.359189378057303 NA NA 2.05953947267322 1.0007264274299 3.2156862745098 3.44375401757017
116 1.MO2 Medium 1.MO2.08 mal medium 1 130.947 0.375 3 9 5 14.5496666666667 1.8 0.769230769230769 0.715911909928072 0.646900269541779 0.872727272727273 0.660550458715596 0.769230769230769 1.10462473349027 0.92604501607717 12 14 21 30.4 24.725 4 0.916030534351145 0.880503144654088 0.860655737704918 0.910997902307462 0.862901349464867 1.25 0.761904761904762 2 1.4 57.4 0.5 3.5 0.6 60.9 NA NA NA 1.21212121212121 1.31908396946565 NA 0.215329402717252 1.48763358778626 2.32545577312627
117 1.MO2 Medium 1.MO2.09 fem medium 2 396.116999999999 0.4 1 34 10 11.6505 3.4 1.53846153846154 2.16564623874528 0.690026954177898 0.290909090909091 2.4954128440367 1.53846153846154 0.884517202515184 1.7491961414791 12 13 23 40.6 37.55 2 0.916030534351145 0.817610062893082 0.942622950819672 1.21666167216062 1.31049325267566 0.625 0.380952380952381 1 1.08597285067873 NA NA NA NA 5 NA NA NA NA NA NA NA 0.196078431372549 NA
118 1.MO2 Medium 1.MO2.09 mal medium 2 396.116999999999 0.4 1 34 10 11.6505 3.4 1.53846153846154 2.16564623874528 0.690026954177898 0.290909090909091 2.4954128440367 1.53846153846154 0.884517202515184 1.7491961414791 12 13 23 40.6 37.55 2 0.916030534351145 0.817610062893082 0.942622950819672 1.21666167216062 1.31049325267566 0.625 1.14285714285714 3 0.933333333333333 3 0.625 5.625 0.6125 8.625 NA NA NA 1.51515151515152 1.34656488549618 NA 0.346065111509869 0.210687022900763 0.12153950033761
119 1.MO2 Medium 1.MO2.10 fem medium 0 NA NA NA NA NA NA NA 0 NA NA NA NA NA NA NA 21 21 37 31 26.0666666666667 3 1.6030534351145 1.32075471698113 1.51639344262295 0.92897812406353 0.909725453699396 0.9375 NA NA NA NA NA NA NA 3 NA NA NA NA NA NA NA 0.117647058823529 NA
120 1.MO2 Medium 1.MO2.10 mal medium 0 NA NA NA NA NA NA NA 0 NA NA NA NA NA NA NA 21 21 37 31 26.0666666666667 3 1.6030534351145 1.32075471698113 1.51639344262295 0.92897812406353 0.909725453699396 0.9375 NA NA NA NA NA NA NA NA NA NA NA NA NA NA NA NA NA
121 3.FA1 Low 3.FA1.01 fem low 0 NA NA NA NA NA NA NA 0 NA NA NA NA NA NA NA 9 9 38 36.5 33.7 3 0.45 0.371900826446281 0.835164835164835 0.0813297979010228 0.253501178313023 0.714285714285714 NA NA NA NA NA NA NA 1 NA NA NA NA NA NA NA 0.0204498977505112 NA
122 3.FA1 Low 3.FA1.01 mal low 0 NA NA NA NA NA NA NA 0 NA NA NA NA NA NA NA 9 9 38 36.5 33.7 3 0.45 0.371900826446281 0.835164835164835 0.0813297979010228 0.253501178313023 0.714285714285714 NA NA NA NA NA NA NA NA NA NA NA NA NA NA NA NA NA
123 3.FA1 Low 3.FA1.02 fem low 1 23.6779999999999 1 20 4 4 5.91949999999997 1 0.5 0.184413126526033 1.69811320754717 2.60869565217391 0.282352941176471 0.521739130434783 0.707784490896128 0.563176895306859 20 22 44 4137 1049.375 4 1 0.909090909090909 0.967032967032967 9.21811983332962 7.89370323419074 0.952380952380952 0.666666666666667 2 1.01694915254237 0 NA 40 NA 40 1.27210884353741 0.213903743315508 0.213903743315508 NA NA -9.27772977650075 1.19551681195517 0.81799591002045 0
124 3.FA1 Low 3.FA1.02 mal low 1 23.6779999999999 1 20 4 4 5.91949999999997 1 0.5 0.184413126526033 1.69811320754717 2.60869565217391 0.282352941176471 0.521739130434783 0.707784490896128 0.563176895306859 20 22 44 4137 1049.375 4 1 0.909090909090909 0.967032967032967 9.21811983332962 7.89370323419074 0.952380952380952 0 0 NA NA NA NA NA NA NA NA NA NA NA NA NA NA NA
125 3.FA1 Low 3.FA1.03 fem low 2 103.983 0.775 13 15 13 6.93219999999999 1.15384615384615 1 0.809858524180953 1.31603773584906 1.69565217391304 1.05882352941176 1.69565217391304 0.828871297878225 0.649819494584838 28 33 59 34.7 27.0857142857143 7 1.4 1.36363636363636 1.2967032967033 0.0773190133469997 0.203746601984524 1.66666666666667 1 3 0.88135593220339 101.875 NA 61.125 NA 163 1.56030878095851 0.359101216244073 0.359101216244073 NA NA -15.5754359184407 1.82689912826899 3.33333333333333 2.67798466593647
126 3.FA1 Low 3.FA1.03 mal low 2 103.983 0.775 13 15 13 6.93219999999999 1.15384615384615 1 0.809858524180953 1.31603773584906 1.69565217391304 1.05882352941176 1.69565217391304 0.828871297878225 0.649819494584838 28 33 59 34.7 27.0857142857143 7 1.4 1.36363636363636 1.2967032967033 0.0773190133469997 0.203746601984524 1.66666666666667 1 3 0.845803513337671 81.5 0.444444444444444 52.4 0.458333333333333 133.9 NA NA NA 1.97368421052632 1.62082514734774 NA 1.5982106547377 1.93758441057303 2.24394273127753
127 3.FA1 Low 3.FA1.04 fem low 7 150.545 0.55 3 17 8 8.85558823529412 2.125 3.5 1.17250080804383 0.933962264150943 0.391304347826087 1.2 1.04347826086957 1.05884753960696 1.19675090252708 11 13 31 45.8 36.4 3 0.55 0.537190082644628 0.681318681318681 0.102052184763475 0.273811361738695 0.714285714285714 1.33333333333333 4 1.57627118644068 5.875 NA 41.125 NA 47 0.376758204956464 -0.23631746031746 0.23631746031746 NA NA 10.249888591526 1.22914072229141 0.961145194274029 0.154435925520263
128 3.FA1 Low 3.FA1.04 mal low 7 150.545 0.55 3 17 8 8.85558823529412 2.125 3.5 1.17250080804383 0.933962264150943 0.391304347826087 1.2 1.04347826086957 1.05884753960696 1.19675090252708 11 13 31 45.8 36.4 3 0.55 0.537190082644628 0.681318681318681 0.102052184763475 0.273811361738695 0.714285714285714 1.66666666666667 5 1.21014964216005 4.7 0.181481481481481 25.7333333333333 0.161111111111111 30.4333333333333 NA NA NA 0.805921052631579 0.569744597249509 NA 0.784871899145994 0.440382018136215 0.129405286343612
129 3.FA1 Low 3.FA1.05 fem low 0 NA NA NA NA NA NA NA 0 NA NA NA NA NA NA NA 32 47 57 36.8 26.025 4 1.6 1.94214876033058 1.25274725274725 0.0819982619933599 0.195767601353009 0.952380952380952 NA NA NA NA NA NA NA 0 NA NA NA NA NA NA NA 0 NA
130 3.FA1 Low 3.FA1.05 mal low 0 NA NA NA NA NA NA NA 0 NA NA NA NA NA NA NA 32 47 57 36.8 26.025 4 1.6 1.94214876033058 1.25274725274725 0.0819982619933599 0.195767601353009 0.952380952380952 NA NA NA NA NA NA NA NA NA NA NA NA NA NA NA NA NA
131 3.FA1 Low 3.FA1.06 fem low 0 NA NA NA NA NA NA NA 0 NA NA NA NA NA NA NA 30 32 64 33.5 25.9 6 1.5 1.32231404958678 1.40659340659341 0.074645156977651 0.194827315083302 1.42857142857143 NA NA NA NA NA NA NA 38 NA NA NA NA NA NA NA 0.777096114519427 NA
132 3.FA1 Low 3.FA1.06 mal low 0 NA NA NA NA NA NA NA 0 NA NA NA NA NA NA NA 30 32 64 33.5 25.9 6 1.5 1.32231404958678 1.40659340659341 0.074645156977651 0.194827315083302 1.42857142857143 NA NA NA NA NA NA NA NA NA NA NA NA NA NA NA NA NA
133 3.FA1 Low 3.FA1.07 fem low 0 NA NA NA NA NA NA NA 0 NA NA NA NA NA NA NA 21 29 54 40.4 29.28 5 1.05 1.19834710743802 1.18681318681319 0.090019831101406 0.220252655816181 1.19047619047619 NA NA NA NA NA NA NA 21 NA NA NA NA NA NA NA 0.429447852760736 NA
134 3.FA1 Low 3.FA1.07 mal low 0 NA NA NA NA NA NA NA 0 NA NA NA NA NA NA NA 21 29 54 40.4 29.28 5 1.05 1.19834710743802 1.18681318681319 0.090019831101406 0.220252655816181 1.19047619047619 NA NA NA NA NA NA NA NA NA NA NA NA NA NA NA NA NA
135 3.FA1 Low 3.FA1.08 fem low 3 130.688 0.466666666666667 1 17 8 7.68752941176472 2.125 1.5 1.017847059694 0.792452830188679 0.130434782608696 1.2 1.04347826086957 0.919184743805209 1.19675090252708 18 19 41 42.5 35.05 4 0.9 0.785123966942149 0.901098901098901 0.0946990797477662 0.263656270025859 0.952380952380952 1 3 0.949152542372881 100.5 NA 33.5 NA 134 0 -0.369118745332338 0.369118745332338 NA NA 16.0099300814159 1.00124533001245 2.74028629856851 2.64184008762322
136 3.FA1 Low 3.FA1.08 mal low 3 130.688 0.466666666666667 1 17 8 7.68752941176472 2.125 1.5 1.017847059694 0.792452830188679 0.130434782608696 1.2 1.04347826086957 0.919184743805209 1.19675090252708 18 19 41 42.5 35.05 4 0.9 0.785123966942149 0.901098901098901 0.0946990797477662 0.263656270025859 0.952380952380952 1 3 1.36629798308393 80.4 0.25 58.3 0.366666666666667 138.7 NA NA NA 1.11019736842105 1.29666011787819 NA 1.77816185441236 2.00704225352113 2.2136563876652
137 3.FA1 Low 3.FA1.09 fem low 6 316.092000000001 0.391666666666667 2 27 9 11.7071111111111 3 3 2.46184280724163 0.665094339622642 0.260869565217391 1.90588235294118 1.17391304347826 1.39979925291701 1.68953068592058 15 18 36 42.5 33.1333333333333 3 0.75 0.743801652892562 0.791208791208791 0.0946990797477662 0.249238547223684 0.714285714285714 1.33333333333333 4 0.966101694915254 11 NA 22 NA 33 0.800935203740815 -0.0828468167917709 0.0828468167917709 NA NA 3.59334702199945 0.657534246575342 0.674846625766871 0.289156626506024
138 3.FA1 Low 3.FA1.09 mal low 6 316.092000000001 0.391666666666667 2 27 9 11.7071111111111 3 3 2.46184280724163 0.665094339622642 0.260869565217391 1.90588235294118 1.17391304347826 1.39979925291701 1.68953068592058 15 18 36 42.5 33.1333333333333 3 0.75 0.743801652892562 0.791208791208791 0.0946990797477662 0.249238547223684 0.714285714285714 1.33333333333333 4 1.12231620039037 11 0.15 22.8 0.211111111111111 33.8 NA NA NA 0.666118421052632 0.746561886051081 NA 0.695404636030907 0.489098977426201 0.302863436123348
139 3.FA1 Low 3.FA1.10 fem low 1 45.393 0.35 7 5 4 9.0786 1.25 0.5 0.353537674313552 0.594339622641509 0.91304347826087 0.352941176470588 0.521739130434783 1.08551267489646 0.703971119133574 16 20 31 38.2 33.4333333333333 3 0.8 0.826446280991736 0.681318681318681 0.0851177610909334 0.251495234270981 0.714285714285714 0.666666666666667 2 0.610169491525424 9 NA 3 NA 12 NA NA NA NA NA NA 0.0896637608966376 0.245398773006135 0.23658269441402
140 3.FA1 Low 3.FA1.10 mal low 1 45.393 0.35 7 5 4 9.0786 1.25 0.5 0.353537674313552 0.594339622641509 0.91304347826087 0.352941176470588 0.521739130434783 1.08551267489646 0.703971119133574 16 20 31 38.2 33.4333333333333 3 0.8 0.826446280991736 0.681318681318681 0.0851177610909334 0.251495234270981 0.714285714285714 1 3 0.455432661027977 4 0.1 4.7 0.216666666666667 8.7 NA NA NA 0.444078947368421 0.766208251473477 NA 0.143350955673038 0.12589234034343 0.110132158590308
141 3.FA2 Low 3.FA2.01 fem low 1 6.5 0.25 2 1 1 6.5 1 1.25 0.428539405846598 0.408163265306122 0.476190476190476 0.25 0.357142857142857 1.30138347073581 0.853658536585366 3 3 7 11.8 11.1 2 0.535714285714286 0.4 0.434782608695652 0.599593495934959 0.653633258744553 0.833333333333333 0.454545454545455 1 0.789473684210526 NA NA NA NA 0 NA NA NA NA NA NA NA 0 NA
142 3.FA2 Low 3.FA2.01 mal low 1 6.5 0.25 2 1 1 6.5 1 1.25 0.428539405846598 0.408163265306122 0.476190476190476 0.25 0.357142857142857 1.30138347073581 0.853658536585366 3 3 7 11.8 11.1 2 0.535714285714286 0.4 0.434782608695652 0.599593495934959 0.653633258744553 0.833333333333333 0.727272727272727 2 1.75 NA NA NA NA NA NA NA NA NA NA NA NA NA NA
143 3.FA2 Low 3.FA2.02 fem low 0 NA NA NA NA NA NA NA 0 NA NA NA NA NA NA NA 5 5 18 21 21 1 0.892857142857143 0.666666666666667 1.11801242236025 1.06707317073171 1.2366034624897 0.416666666666667 NA NA NA NA NA NA NA 12 NA NA NA NA NA NA NA 1.00840336134454 NA
144 3.FA2 Low 3.FA2.02 mal low 0 NA NA NA NA NA NA NA 0 NA NA NA NA NA NA NA 5 5 18 21 21 1 0.892857142857143 0.666666666666667 1.11801242236025 1.06707317073171 1.2366034624897 0.416666666666667 NA NA NA NA NA NA NA NA NA NA NA NA NA NA NA NA NA
145 3.FA2 Low 3.FA2.03 fem low 2 41.0919999999996 0.6875 4 13 7 3.16092307692305 1.85714285714286 2.5 2.70916019462281 1.12244897959184 0.952380952380952 3.25 2.5 0.632857391473084 1.58536585365854 9 11 22 19.2 14.85 2 1.60714285714286 1.46666666666667 1.36645962732919 0.975609756097561 0.874455305617713 0.833333333333333 1.36363636363636 3 0.789473684210526 0 NA 52 NA 52 1.74515235457064 0.426984126984127 0.426984126984127 NA NA 1 1 4.36974789915966 NA
146 3.FA2 Low 3.FA2.03 mal low 2 41.0919999999996 0.6875 4 13 7 3.16092307692305 1.85714285714286 2.5 2.70916019462281 1.12244897959184 0.952380952380952 3.25 2.5 0.632857391473084 1.58536585365854 9 11 22 19.2 14.85 2 1.60714285714286 1.46666666666667 1.36645962732919 0.975609756097561 0.874455305617713 0.833333333333333 1.09090909090909 3 0.5 NA NA NA NA NA NA NA NA NA NA NA NA NA NA
147 3.FA2 Low 3.FA2.04 fem low 1 3 0.75 6 1 1 3 1 1.25 0.197787418083045 1.22448979591837 1.42857142857143 0.25 0.357142857142857 0.600638524954991 0.853658536585366 3 5 10 20.2 19.95 2 0.535714285714286 0.666666666666667 0.62111801242236 1.02642276422764 1.17477328936521 0.833333333333333 0.909090909090909 2 1.18421052631579 NA NA NA NA 14 NA NA NA NA NA NA NA 1.17647058823529 NA
148 3.FA2 Low 3.FA2.04 mal low 1 3 0.75 6 1 1 3 1 1.25 0.197787418083045 1.22448979591837 1.42857142857143 0.25 0.357142857142857 0.600638524954991 0.853658536585366 3 5 10 20.2 19.95 2 0.535714285714286 0.666666666666667 0.62111801242236 1.02642276422764 1.17477328936521 0.833333333333333 0.727272727272727 2 0.5 NA NA NA NA NA NA NA NA NA NA NA NA NA NA
149 3.FA2 Low 3.FA2.05 fem low 3 17.2460000000001 0.375 1 4 4 4.31150000000002 1 3.75 1.13701393742007 0.612244897959184 0.238095238095238 1 1.42857142857143 0.863217666781152 0.853658536585366 7 12 20 20.5 16.02 5 1.25 1.6 1.24223602484472 1.04166666666667 0.943351784242139 2.08333333333333 0.909090909090909 2 1.18421052631579 NA NA NA NA 35 NA NA NA NA NA NA NA 2.94117647058824 NA
150 3.FA2 Low 3.FA2.05 mal low 3 17.2460000000001 0.375 1 4 4 4.31150000000002 1 3.75 1.13701393742007 0.612244897959184 0.238095238095238 1 1.42857142857143 0.863217666781152 0.853658536585366 7 12 20 20.5 16.02 5 1.25 1.6 1.24223602484472 1.04166666666667 0.943351784242139 2.08333333333333 1.45454545454545 4 1.25 35 1 52 1 87 NA NA NA 1 1 NA 1 1 1
151 3.FA2 Low 3.FA2.06 fem low 1 8.00099999999998 1 8 1 1 8.00099999999998 1 1.25 0.52749904402748 1.63265306122449 1.9047619047619 0.25 0.357142857142857 1.60190294605496 0.853658536585366 9 11 18 17.2 15.8 3 1.60714285714286 1.46666666666667 1.11801242236025 0.873983739837398 0.93039689082558 1.25 1.36363636363636 3 1.05263157894737 NA NA NA NA 0 NA NA NA NA NA NA NA 0 NA
152 3.FA2 Low 3.FA2.06 mal low 1 8.00099999999998 1 8 1 1 8.00099999999998 1 1.25 0.52749904402748 1.63265306122449 1.9047619047619 0.25 0.357142857142857 1.60190294605496 0.853658536585366 9 11 18 17.2 15.8 3 1.60714285714286 1.46666666666667 1.11801242236025 0.873983739837398 0.93039689082558 1.25 NA NA NA NA NA NA NA NA NA NA NA NA NA NA NA NA NA
153 3.FA2 Low 3.FA2.07 fem low 0 NA NA NA NA NA NA NA 0 NA NA NA NA NA NA NA 7 8 17 20.2 17.8 2 1.25 1.06666666666667 1.05590062111801 1.02642276422764 1.04816864915793 0.833333333333333 NA NA NA NA NA NA NA 0 NA NA NA NA NA NA NA 0 NA
154 3.FA2 Low 3.FA2.07 mal low 0 NA NA NA NA NA NA NA 0 NA NA NA NA NA NA NA 7 8 17 20.2 17.8 2 1.25 1.06666666666667 1.05590062111801 1.02642276422764 1.04816864915793 0.833333333333333 NA NA NA NA NA NA NA NA NA NA NA NA NA NA NA NA NA
155 3.FA2 Low 3.FA2.08 fem low 0 NA NA NA NA NA NA NA 0 NA NA NA NA NA NA NA 3 5 12 18.4 14.45 2 0.535714285714286 0.666666666666667 0.745341614906832 0.934959349593496 0.850900953951242 0.833333333333333 NA NA NA NA NA NA NA 0 NA NA NA NA NA NA NA 0 NA
156 3.FA2 Low 3.FA2.08 mal low 0 NA NA NA NA NA NA NA 0 NA NA NA NA NA NA NA 3 5 12 18.4 14.45 2 0.535714285714286 0.666666666666667 0.745341614906832 0.934959349593496 0.850900953951242 0.833333333333333 NA NA NA NA NA NA NA NA NA NA NA NA NA NA NA NA NA
157 3.FA2 Low 3.FA2.09 fem low 0 NA NA NA NA NA NA NA 0 NA NA NA NA NA NA NA 6 10 22 19.8 15.5 3 1.07142857142857 1.33333333333333 1.36645962732919 1.00609756097561 0.912731127075727 1.25 NA NA NA NA NA NA NA 0 NA NA NA NA NA NA NA 0 NA
158 3.FA2 Low 3.FA2.09 mal low 0 NA NA NA NA NA NA NA 0 NA NA NA NA NA NA NA 6 10 22 19.8 15.5 3 1.07142857142857 1.33333333333333 1.36645962732919 1.00609756097561 0.912731127075727 1.25 NA NA NA NA NA NA NA NA NA NA NA NA NA NA NA NA NA
159 3.FA2 Low 3.FA2.10 fem low 0 NA NA NA NA NA NA NA 0 NA NA NA NA NA NA NA 4 5 15 28.5 23.35 2 0.714285714285714 0.666666666666667 0.93167701863354 1.44817073170732 1.37498527853021 0.833333333333333 NA NA NA NA NA NA NA 6 NA NA NA NA NA NA NA 0.504201680672269 NA
160 3.FA2 Low 3.FA2.10 mal low 0 NA NA NA NA NA NA NA 0 NA NA NA NA NA NA NA 4 5 15 28.5 23.35 2 0.714285714285714 0.666666666666667 0.93167701863354 1.44817073170732 1.37498527853021 0.833333333333333 NA NA NA NA NA NA NA NA NA NA NA NA NA NA NA NA NA
161 3.FO1 High 3.FO1.01 fem high 6 368.609 0.532394688644689 19.5 38 24 9.70023684210527 1.58333333333333 0.769230769230769 1.35430034973603 1.03949324362916 1.95 1.04683195592287 1.62162162162162 1.46369141760913 0.70107064715211 22 26 40 37.3 23.7 3 1.81818181818182 1.71052631578947 1.22324159021407 1.08905109489051 0.893356368776504 1 0.72463768115942 5 1.12777721635941 4.5 NA 40.5 NA 45 0.583316336936569 -0.198426573426573 0.198426573426573 NA NA -3.28256987177406 1.14422741541681 1.26050420168067 1.05346820809249
162 3.FO1 High 3.FO1.01 mal high 6 368.609 0.532394688644689 19.5 38 24 9.70023684210527 1.58333333333333 0.769230769230769 1.35430034973603 1.03949324362916 1.95 1.04683195592287 1.62162162162162 1.46369141760913 0.70107064715211 22 26 40 37.3 23.7 3 1.81818181818182 1.71052631578947 1.22324159021407 1.08905109489051 0.893356368776504 1 1.01449275362319 7 1.0515938218863 4.5 0.389583333333333 42.3916666666667 0.331666666666667 46.8916666666667 NA NA NA 1.27522426833723 1.185933183657 NA 1.10423921203296 1.11389899289832 1.21393780442113
163 3.FO1 High 3.FO1.02 fem high 7 87.6299999999996 0.631196581196581 16.6666666666667 16 12 5.47687499999998 1.33333333333333 0.897435897435897 0.321959962039365 1.23240256815101 1.66666666666667 0.440771349862259 0.810810810810811 0.826418474446047 0.590375281812303 12 15 32 22.8 17.3666666666667 3 0.991735537190083 0.986842105263158 0.978593272171254 0.665693430656934 0.654625412282081 1 1.15942028985507 8 0.727598204102845 NA NA NA NA 0 NA NA NA NA NA NA NA 0 NA
164 3.FO1 High 3.FO1.02 mal high 7 87.6299999999996 0.631196581196581 16.6666666666667 16 12 5.47687499999998 1.33333333333333 0.897435897435897 0.321959962039365 1.23240256815101 1.66666666666667 0.440771349862259 0.810810810810811 0.826418474446047 0.590375281812303 12 15 32 22.8 17.3666666666667 3 0.991735537190083 0.986842105263158 0.978593272171254 0.665693430656934 0.654625412282081 1 1.15942028985507 8 0.736115675320408 0 0.25 24.3 0.25 24.3 NA NA NA 0.818325733692343 0.893919485168593 NA 0.632978482855928 0.577239997030659 0
165 3.FO1 High 3.FO1.03 fem high 6 60.7070000000001 0.357234432234432 11.5 12 10 5.05891666666668 1.2 0.769230769230769 0.223042604308157 0.697495272998903 1.15 0.330578512396694 0.675675675675676 0.763351764284628 0.531337753631073 6 6 28 29.8 23.9333333333333 3 0.495867768595041 0.394736842105263 0.856269113149847 0.87007299270073 0.902151719805245 1 1.15942028985507 8 0.841285423493915 5.66666666666667 NA 45.3333333333333 NA 51 1.06310328185328 0.0190792353713702 0.0190792353713702 NA NA 0.315627701093782 1.28078130449948 1.42857142857143 1.32658959537572
166 3.FO1 High 3.FO1.03 mal high 6 60.7070000000001 0.357234432234432 11.5 12 10 5.05891666666668 1.2 0.769230769230769 0.223042604308157 0.697495272998903 1.15 0.330578512396694 0.675675675675676 0.763351764284628 0.531337753631073 6 6 28 29.8 23.9333333333333 3 0.495867768595041 0.394736842105263 0.856269113149847 0.87007299270073 0.902151719805245 1 1.01449275362319 7 1.02530397633914 5.1 0.216666666666667 28.2 0.1875 33.3 NA NA NA 0.709215635866697 0.670439613876445 NA 0.734567622079719 0.791032588523495 1.37579617834395
167 3.FO1 High 3.FO1.04 fem high 15 467.258 0.544459706959707 5 85 22 5.49715294117648 3.86363636363636 1.92307692307692 1.71674504099726 1.06305002451038 0.5 2.34159779614325 1.48648648648649 0.829478260402818 1.71074655525156 15 20 26 32 27.2333333333333 3 1.2396694214876 1.31578947368421 0.795107033639144 0.934306569343066 1.02654311292602 1 1.30434782608696 9 1.29350791840506 1.55555555555556 NA 12.4444444444444 NA 14 1.4543803069889 0.0781054832778971 0.0781054832778971 NA NA 1.29209864284257 0.351587024764562 0.392156862745098 0.364161849710983
168 3.FO1 High 3.FO1.04 mal high 15 467.258 0.544459706959707 5 85 22 5.49715294117648 3.86363636363636 1.92307692307692 1.71674504099726 1.06305002451038 0.5 2.34159779614325 1.48648648648649 0.829478260402818 1.71074655525156 15 20 26 32 27.2333333333333 3 1.2396694214876 1.31578947368421 0.795107033639144 0.934306569343066 1.02654311292602 1 1.15942028985507 8 1.33420966151824 1.55555555555556 0.367857142857143 122.05 0.335763888888889 123.605555555556 NA NA NA 1.20410786529016 1.20058353077504 NA 3.17921908775992 2.93621689390378 0.419632821281379
169 3.FO1 High 3.FO1.05 fem high 11 501.751 0.554436304436304 4.66666666666667 69 15 7.27175362318841 4.6 1.41025641025641 1.84347521297745 1.08252919267738 0.466666666666667 1.90082644628099 1.01351351351351 1.09725190657499 2.03679472225245 13 16 37 33.2 26.2 3 1.07438016528926 1.05263157894737 1.13149847094801 0.969343065693431 0.987592272655882 1 1.15942028985507 8 1.15960963778891 0 NA 59 NA 59 1.22684745762712 0.0493073975832596 0.0493073975832596 NA NA 0.815692046520608 1.6668991977677 1.65266106442577 0
170 3.FO1 High 3.FO1.05 mal high 11 501.751 0.554436304436304 4.66666666666667 69 15 7.27175362318841 4.6 1.41025641025641 1.84347521297745 1.08252919267738 0.466666666666667 1.90082644628099 1.01351351351351 1.09725190657499 2.03679472225245 13 16 37 33.2 26.2 3 1.07438016528926 1.05263157894737 1.13149847094801 0.969343065693431 0.987592272655882 1 0.869565217391304 6 1.25753094533903 0 0.316666666666667 24.1666666666667 0.316666666666667 24.1666666666667 NA NA NA 1.03654592934363 1.13229801454688 NA 0.629505349891012 0.574072699378913 0
171 3.FO1 High 3.FO1.06 fem high 4 183.657 0.675137362637363 25 28 17 6.55917857142858 1.64705882352941 0.512820512820513 0.674771205617527 1.31819633432054 2.5 0.771349862258953 1.14864864864865 0.9897297909153 0.729287112826963 17 22 39 38.4 32.1666666666667 3 1.40495867768595 1.44736842105263 1.19266055045872 1.12116788321168 1.212501963248 1 0.579710144927536 4 1.00044753064141 0 NA 9 NA 9 0.82228490832158 -0.113207547169811 0.113207547169811 NA NA -1.87279192085921 0.254272758981514 0.252100840336134 0
172 3.FO1 High 3.FO1.06 mal high 4 183.657 0.675137362637363 25 28 17 6.55917857142858 1.64705882352941 0.512820512820513 0.674771205617527 1.31819633432054 2.5 0.771349862258953 1.14864864864865 0.9897297909153 0.729287112826963 17 22 39 38.4 32.1666666666667 3 1.40495867768595 1.44736842105263 1.19266055045872 1.12116788321168 1.212501963248 1 0.869565217391304 6 0.644101215905357 NA NA NA NA NA NA NA NA NA NA NA NA NA NA
173 3.FO1 High 3.FO1.07 fem high 9 805.019000000001 0.697069597069597 3 65 21 12.3849076923077 3.0952380952381 1.15384615384615 2.95770725414777 1.36101871778202 0.3 1.79063360881543 1.41891891891892 1.86878767933029 1.37051404706428 15 24 45 46.8 34.625 4 1.2396694214876 1.57894736842105 1.37614678899083 1.36642335766423 1.30516726872939 1.33333333333333 1.01449275362319 7 1.1173829563008 0 NA 54 NA 54 1.72385977254074 0.130637550519478 0.130637550519478 NA NA 2.16113638436782 1.52563655388908 1.51260504201681 0
174 3.FO1 High 3.FO1.07 mal high 9 805.019000000001 0.697069597069597 3 65 21 12.3849076923077 3.0952380952381 1.15384615384615 2.95770725414777 1.36101871778202 0.3 1.79063360881543 1.41891891891892 1.86878767933029 1.37051404706428 15 24 45 46.8 34.625 4 1.2396694214876 1.57894736842105 1.37614678899083 1.36642335766423 1.30516726872939 1.33333333333333 0.869565217391304 6 1.16551648592398 0 0.290740740740741 23.3611111111111 0.290740740740741 23.3611111111111 NA NA NA 0.951682519923688 1.03959525312199 NA 0.608521838227979 0.554936942732949 0
175 3.FO1 High 3.FO1.08 fem high 4 29.2809999999997 0.514423076923077 7 9 7 3.25344444444441 1.28571428571429 0.512820512820513 0.107580847295157 1.00440392106417 0.7 0.247933884297521 0.472972972972973 0.490919839228161 0.569290450319007 5 5 17 31.4 26 3 0.413223140495868 0.328947368421053 0.519877675840979 0.916788321167883 0.980053400345532 1 1.15942028985507 8 0.773073091859273 7.5 NA 22.5 NA 30 0.854942767950052 -0.0452450503083415 0.0452450503083415 NA NA -0.748488654640919 0.635681897453784 0.840336134453781 1.75578034682081
176 3.FO1 High 3.FO1.08 mal high 4 29.2809999999997 0.514423076923077 7 9 7 3.25344444444441 1.28571428571429 0.512820512820513 0.107580847295157 1.00440392106417 0.7 0.247933884297521 0.472972972972973 0.490919839228161 0.569290450319007 5 5 17 31.4 26 3 0.413223140495868 0.328947368421053 0.519877675840979 0.916788321167883 0.980053400345532 1 1.01449275362319 7 0.81498521196188 NA NA NA NA NA NA NA NA NA NA NA NA NA NA
177 3.FO1 High 3.FO1.09 fem high 11 151.714000000001 0.326862026862027 2.66666666666667 30 14 5.05713333333335 2.14285714285714 1.41025641025641 0.557409947287921 0.638193572867833 0.266666666666667 0.826446280991736 0.945945945945946 0.763082672948282 0.948817417198345 12 12 46 41 28.5666666666667 3 0.991735537190083 0.789473684210526 1.40672782874618 1.1970802919708 1.07680226166169 1 1.01449275362319 7 0.831540804688966 7.22222222222223 NA 57.7777777777778 NA 65 1.72451154945415 0.195058341217282 0.195058341217282 NA NA 3.22684922216333 1.63236832926404 1.82072829131653 1.69075144508671
178 3.FO1 High 3.FO1.09 mal high 11 151.714000000001 0.326862026862027 2.66666666666667 30 14 5.05713333333335 2.14285714285714 1.41025641025641 0.557409947287921 0.638193572867833 0.266666666666667 0.826446280991736 0.945945945945946 0.763082672948282 0.948817417198345 12 12 46 41 28.5666666666667 3 0.991735537190083 0.789473684210526 1.40672782874618 1.1970802919708 1.07680226166169 1 1.15942028985507 8 0.989155438711798 6.5 0.4 23.6 0.25 30.1 NA NA NA 1.30932117390775 0.893919485168593 NA 0.61474453479012 0.715017444881598 1.75346571749719
179 3.FO1 High 3.FO1.10 fem high 5 66.1409999999998 0.288461538461538 5 11 6 6.01281818181817 1.83333333333333 0.641025641025641 0.243007575593355 0.563217151998601 0.5 0.303030303030303 0.405405405405405 0.907288194260348 0.811766012491917 4 6 17 29.8 25.5 2 0.330578512396694 0.394736842105263 0.519877675840979 0.87007299270073 0.961206219569656 0.666666666666667 0.72463768115942 5 1.12777721635941 12 NA 18 NA 30 2.80184331797235 0.428728070175439 0.428728070175439 NA NA 7.09244645028608 0.508545517963027 0.840336134453781 2.80924855491329
180 3.FO1 High 3.FO1.10 mal high 5 66.1409999999998 0.288461538461538 5 11 6 6.01281818181817 1.83333333333333 0.641025641025641 0.243007575593355 0.563217151998601 0.5 0.303030303030303 0.405405405405405 0.907288194260348 0.811766012491917 4 6 17 29.8 25.5 2 0.330578512396694 0.394736842105263 0.519877675840979 0.87007299270073 0.961206219569656 0.666666666666667 0.869565217391304 6 0.981487567093877 12 0.2125 19.05 0.275 31.05 NA NA NA 0.695576873638492 0.983311433685452 NA 0.496223872362364 0.737584440650286 3.23716747845635
181 3.FO2 High 3.FO2.01 fem high 4 28.6020000000001 0.778688524590164 34 6 4 4.76700000000002 1.5 0.615384615384615 0.123394953154182 1.40736686597505 3.4634974533107 0.185758513931889 0.425531914893617 0.8636304732426 0.499691148087882 2 2 22 31.5 29.55 2 0.253164556962025 0.206185567010309 0.869565217391304 0.995260663507109 1.1024748165651 0.833333333333333 0.555555555555556 4 1.10855084000168 NA NA NA NA 0 NA NA NA NA NA NA NA 0 NA
182 3.FO2 High 3.FO2.01 mal high 4 28.6020000000001 0.778688524590164 34 6 4 4.76700000000002 1.5 0.615384615384615 0.123394953154182 1.40736686597505 3.4634974533107 0.185758513931889 0.425531914893617 0.8636304732426 0.499691148087882 2 2 22 31.5 29.55 2 0.253164556962025 0.206185567010309 0.869565217391304 0.995260663507109 1.1024748165651 0.833333333333333 0.833333333333333 6 0.88704764225661 NA NA NA NA NA NA NA NA NA NA NA NA NA NA
183 3.FO2 High 3.FO2.02 fem high 4 32.7109999999998 0.491803278688525 13 8 4 4.08887499999997 2 0.615384615384615 0.141122030369429 0.888863283773718 1.32427843803056 0.247678018575851 0.425531914893617 0.740775550929264 0.666254864117176 6 6 22 31.5 24 2 0.759493670886076 0.618556701030928 0.869565217391304 0.995260663507109 0.895411018530034 0.833333333333333 0.972222222222222 7 0.723951568980686 NA NA NA NA 1 NA NA NA NA NA NA NA 0.0168350168350168 NA
184 3.FO2 High 3.FO2.02 mal high 4 32.7109999999998 0.491803278688525 13 8 4 4.08887499999997 2 0.615384615384615 0.141122030369429 0.888863283773718 1.32427843803056 0.247678018575851 0.425531914893617 0.740775550929264 0.666254864117176 6 6 22 31.5 24 2 0.759493670886076 0.618556701030928 0.869565217391304 0.995260663507109 0.895411018530034 0.833333333333333 0.972222222222222 7 0.965029852564884 0 0.1 15.3 0.1 15.3 NA NA NA 0.418280402788536 0.454163162321278 NA 0.261240751280592 0.23220910623946 0
185 3.FO2 High 3.FO2.03 fem high 10 128.246999999999 0.457377049180328 2 28 9 4.58024999999998 3.11111111111111 1.53846153846154 0.553284125486478 0.826642853909558 0.203735144312394 0.86687306501548 0.957446808510638 0.829797246710591 1.03639645529339 8 8 25 32.3 29.9 2 1.0126582278481 0.824742268041237 0.988142292490119 1.02053712480253 1.11553289391867 0.833333333333333 1.25 9 1.24345385227701 2.8 NA 25.2 NA 28 2.75826049882754 0.318726331246619 0.318726331246619 NA NA 3.83822272583544 0.382470119521912 0.471380471380471 0.339908952959029
186 3.FO2 High 3.FO2.03 mal high 10 128.246999999999 0.457377049180328 2 28 9 4.58024999999998 3.11111111111111 1.53846153846154 0.553284125486478 0.826642853909558 0.203735144312394 0.86687306501548 0.957446808510638 0.829797246710591 1.03639645529339 8 8 25 32.3 29.9 2 1.0126582278481 0.824742268041237 0.988142292490119 1.02053712480253 1.11553289391867 0.833333333333333 1.11111111111111 8 1.1770439868405 2.8 0.466666666666667 98.9 0.375 101.7 NA NA NA 1.95197521301317 1.70311185870479 NA 1.68867387592487 1.54350758853288 0.382397572078907
187 3.FO2 High 3.FO2.04 fem high 11 1144.009 0.703096539162113 2.66666666666667 102 24 11.2157745098039 4.25 1.69230769230769 4.93549181745899 1.2707452871728 0.271646859083192 3.15789473684211 2.5531914893617 2.03194559422786 1.415791586249 18 23 38 40.6 30.4 3 2.27848101265823 2.37113402061856 1.50197628458498 1.2827804107425 1.13418729013804 1.25 1.25 9 1.12614688508107 47.8 NA 191.2 NA 239 1.59352163053868 0.0798126640433551 0.0798126640433551 NA NA 0.961134211103636 2.90191614494403 4.02356902356902 5.80273141122914
188 3.FO2 High 3.FO2.04 mal high 11 1144.009 0.703096539162113 2.66666666666667 102 24 11.2157745098039 4.25 1.69230769230769 4.93549181745899 1.2707452871728 0.271646859083192 3.15789473684211 2.5531914893617 2.03194559422786 1.415791586249 18 23 38 40.6 30.4 3 2.27848101265823 2.37113402061856 1.50197628458498 1.2827804107425 1.13418729013804 1.25 1.11111111111111 8 1.04910442305349 47.8 0.28 66 0.266666666666667 113.8 NA NA NA 1.1711851278079 1.21110176619008 NA 1.12692088787706 1.72715008431703 6.52807283763278
189 3.FO2 High 3.FO2.05 fem high 9 474.659 0.610997267759563 2.5 72 15 6.59248611111111 4.8 1.38461538461538 2.04777725575871 1.10428917685499 0.254668930390492 2.22910216718266 1.59574468085106 1.19435114327337 1.59901167388122 13 17 41 38.8 34.2 3 1.64556962025316 1.75257731958763 1.62055335968379 1.2259083728278 1.2759607014053 1.25 1.11111111111111 8 1.0557627047635 15.3 NA 137.7 NA 153 1.22169691585227 0.045366594810794 0.045366594810794 NA NA 0.54632165003595 2.08992601024474 2.57575757575758 1.85735963581184
190 3.FO2 High 3.FO2.05 mal high 9 474.659 0.610997267759563 2.5 72 15 6.59248611111111 4.8 1.38461538461538 2.04777725575871 1.10428917685499 0.254668930390492 2.22910216718266 1.59574468085106 1.19435114327337 1.59901167388122 13 17 41 38.8 34.2 3 1.64556962025316 1.75257731958763 1.62055335968379 1.2259083728278 1.2759607014053 1.25 0.972222222222222 7 1.1112464968929 15.3 0.425 115.4 0.36 130.7 NA NA NA 1.77769171185128 1.6349873843566 NA 1.97040409789414 1.98364249578415 2.08952959028832
191 3.FO2 High 3.FO2.06 fem high 5 156.413 0.642622950819672 19 30 11 5.21376666666666 2.72727272727273 0.769230769230769 0.674798084319453 1.16144802413099 1.93548387096774 0.928792569659443 1.17021276595745 0.94457054199912 0.908529360159786 11 14 25 29.6 23.2 2 1.39240506329114 1.44329896907217 0.988142292490119 0.93522906793049 0.865563984579032 0.833333333333333 0.833333333333333 6 0.739033893334451 0 NA 17 NA 17 1.13610503282276 0.0479198767334361 0.0479198767334361 NA NA 0.577069234217713 0.258015556820338 0.286195286195286 0
192 3.FO2 High 3.FO2.06 mal high 5 156.413 0.642622950819672 19 30 11 5.21376666666666 2.72727272727273 0.769230769230769 0.674798084319453 1.16144802413099 1.93548387096774 0.928792569659443 1.17021276595745 0.94457054199912 0.908529360159786 11 14 25 29.6 23.2 2 1.39240506329114 1.44329896907217 0.988142292490119 0.93522906793049 0.865563984579032 0.833333333333333 0.972222222222222 7 0.877299865968076 0 0.28 116.3 0.28 116.3 NA NA NA 1.1711851278079 1.27165685449958 NA 1.98577120091064 1.76509274873524 0
193 3.FO2 High 3.FO2.07 fem high 5 44.0510000000003 0.544262295081967 15 12 5 3.67091666666669 2.4 0.769230769230769 0.190045139549503 0.983675367376248 1.52801358234295 0.371517027863777 0.531914893617021 0.665054646122822 0.799505836940612 4 7 25 30 23.9333333333333 3 0.506329113924051 0.721649484536083 0.988142292490119 0.947867298578199 0.892923765700782 1.25 1.11111111111111 8 1.0557627047635 0 NA 34 NA 34 1.59701492537313 0.083073727933541 0.083073727933541 NA NA 1.00040517276142 0.516031113640675 0.572390572390572 0
194 3.FO2 High 3.FO2.07 mal high 5 44.0510000000003 0.544262295081967 15 12 5 3.67091666666669 2.4 0.769230769230769 0.190045139549503 0.983675367376248 1.52801358234295 0.371517027863777 0.531914893617021 0.665054646122822 0.799505836940612 4 7 25 30 23.9333333333333 3 0.506329113924051 0.721649484536083 0.988142292490119 0.947867298578199 0.892923765700782 1.25 1.11111111111111 8 0.946752772023882 0 0.1 5.1 0.1 5.1 NA NA NA 0.418280402788536 0.454163162321278 NA 0.087080250426864 0.0774030354131535 0
195 3.FO2 High 3.FO2.08 fem high 8 105.156 0.471311475409836 1 27 6 3.89466666666667 4.5 1.23076923076923 0.453664767984097 0.85182731361648 0.101867572156197 0.835913312693499 0.638297872340425 0.70559110896906 1.49907344426365 5 6 11 27.5 24.85 2 0.632911392405063 0.618556701030928 0.434782608695652 0.868878357030016 0.927123492102972 0.833333333333333 1.11111111111111 8 1.18773304285894 0 NA 51 NA 51 2.53992364878441 0.296407162470511 0.296407162470511 NA NA 3.56944687514512 0.774046670461013 0.858585858585859 0
196 3.FO2 High 3.FO2.08 mal high 8 105.156 0.471311475409836 1 27 6 3.89466666666667 4.5 1.23076923076923 0.453664767984097 0.85182731361648 0.101867572156197 0.835913312693499 0.638297872340425 0.70559110896906 1.49907344426365 5 6 11 27.5 24.85 2 0.632911392405063 0.618556701030928 0.434782608695652 0.868878357030016 0.927123492102972 0.833333333333333 1.11111111111111 8 0.997928597538686 0 0.233333333333333 56.5 0.233333333333333 56.5 NA NA NA 0.975987606506584 1.05971404541632 NA 0.964712578258395 0.857504215851602 0
197 3.FO2 High 3.FO2.09 fem high 4 111.311 0.508196721311475 5 16 7 6.95693750000001 2.28571428571429 0.615384615384615 0.48021871304612 0.918492059899509 0.509337860780985 0.495356037151703 0.74468085106383 1.2603782725916 0.76143413041963 7 8 25 27.3 21.9 3 0.886075949367089 0.824742268041237 0.988142292490119 0.862559241706161 0.817062554408656 1.25 0.972222222222222 7 0.844610163810801 0 NA 55 NA 55 0.706047600468201 -0.111022693781314 0.111022693781314 NA NA -1.33697716372604 0.834756213242269 0.925925925925926 0
198 3.FO2 High 3.FO2.09 mal high 4 111.311 0.508196721311475 5 16 7 6.95693750000001 2.28571428571429 0.615384615384615 0.48021871304612 0.918492059899509 0.509337860780985 0.495356037151703 0.74468085106383 1.2603782725916 0.76143413041963 7 8 25 27.3 21.9 3 0.886075949367089 0.824742268041237 0.988142292490119 0.862559241706161 0.817062554408656 1.25 0.833333333333333 6 1.02351651029609 0 0.133333333333333 37.5 0.133333333333333 37.5 NA NA NA 0.557707203718048 0.605550883095038 NA 0.640295959021059 0.569139966273187 0
199 3.FO2 High 3.FO2.10 fem high 5 92.7640000000001 0.324590163934426 4 22 9 4.21654545454546 2.44444444444444 0.769230769230769 0.400203112873034 0.586649767290654 0.407470288624788 0.681114551083591 0.957446808510638 0.763905421933714 0.81431150058766 5 6 19 27.4 26.1 2 0.632911392405063 0.618556701030928 0.75098814229249 0.865718799368088 0.973759482651412 0.833333333333333 0.833333333333333 6 0.914994344128367 0 NA 16 NA 16 0.870391627278866 -0.0959630046244219 0.0959630046244219 NA NA -1.15562270537325 0.242838171125024 0.269360269360269 0
200 3.FO2 High 3.FO2.10 mal high 5 92.7640000000001 0.324590163934426 4 22 9 4.21654545454546 2.44444444444444 0.769230769230769 0.400203112873034 0.586649767290654 0.407470288624788 0.681114551083591 0.957446808510638 0.763905421933714 0.81431150058766 5 6 19 27.4 26.1 2 0.632911392405063 0.618556701030928 0.75098814229249 0.865718799368088 0.973759482651412 0.833333333333333 0.972222222222222 7 0.965029852564884 0 0.133333333333333 16.1 0.133333333333333 16.1 NA NA NA 0.557707203718048 0.605550883095038 NA 0.274900398406375 0.244350758853288 0
201 3.MO1 Medium 3.MO1.01 fem medium 1 23.4960000000001 0.779661016949153 46 4 3 5.87400000000001 1.33333333333333 0.158730158730159 0.258467946962882 1.38222142729387 3.56896551724138 0.180904522613065 0.46551724137931 1.44576331463296 0.41047230627549 2 3 3 24.6 24.6 1 0.363636363636364 0.454545454545455 0.222222222222222 1.05760963026655 1.1380985426787 0.555555555555556 0.46551724137931 3 0.735885788449059 NA NA NA NA 30 NA NA NA NA NA NA NA 0.643776824034335 NA
202 3.MO1 Medium 3.MO1.01 mal medium 1 23.4960000000001 0.779661016949153 46 4 3 5.87400000000001 1.33333333333333 0.158730158730159 0.258467946962882 1.38222142729387 3.56896551724138 0.180904522613065 0.46551724137931 1.44576331463296 0.41047230627549 2 3 3 24.6 24.6 1 0.363636363636364 0.454545454545455 0.222222222222222 1.05760963026655 1.1380985426787 0.555555555555556 0.46551724137931 3 0.574443141852286 30 0.322222222222222 13.4888888888889 0.548148148148148 43.4888888888889 NA NA NA 1.14473684210526 1.31322094055013 NA 0.519602807738401 0.474045006419107 0.456065673456978
203 3.MO1 Medium 3.MO1.02 fem medium 7 135.194 0.466949152542373 3.5 27 10 5.00718518518518 2.7 1.11111111111111 1.48720274181562 0.827830441781434 0.271551724137931 1.22110552763819 1.55172413793103 1.23241481959727 0.831206420207867 7 8 16 23.2 19.6666666666667 3 1.27272727272727 1.21212121212121 1.18518518518519 0.997420464316423 0.90986197856427 1.66666666666667 1.24137931034483 8 0.766547696301103 NA NA NA NA 3 NA NA NA NA NA NA NA 0.0643776824034335 NA
204 3.MO1 Medium 3.MO1.02 mal medium 7 135.194 0.466949152542373 3.5 27 10 5.00718518518518 2.7 1.11111111111111 1.48720274181562 0.827830441781434 0.271551724137931 1.22110552763819 1.55172413793103 1.23241481959727 0.831206420207867 7 8 16 23.2 19.6666666666667 3 1.27272727272727 1.21212121212121 1.18518518518519 0.997420464316423 0.90986197856427 1.66666666666667 1.08620689655172 7 1.09026963657679 NA NA NA NA NA NA NA NA NA NA NA NA NA NA
205 3.MO1 Medium 3.MO1.03 fem medium 6 52.2150000000001 0.71864406779661 3.5 13 3 4.01653846153847 4.33333333333333 0.952380952380952 0.574391549653851 1.27404757646217 0.271551724137931 0.587939698492462 0.46551724137931 0.98858766760378 1.33403499539534 3 3 12 31.2 30.85 2 0.545454545454545 0.454545454545455 0.888888888888889 1.34135855546002 1.42724959518853 1.11111111111111 0.931034482758621 6 1.18559377027904 0 NA 11 NA 11 2.16050314465409 0.238731045903845 0.238731045903845 NA NA 1.21318716243277 0.410141685309471 0.236051502145923 0
206 3.MO1 Medium 3.MO1.03 mal medium 6 52.2150000000001 0.71864406779661 3.5 13 3 4.01653846153847 4.33333333333333 0.952380952380952 0.574391549653851 1.27404757646217 0.271551724137931 0.587939698492462 0.46551724137931 0.98858766760378 1.33403499539534 3 3 12 31.2 30.85 2 0.545454545454545 0.454545454545455 0.888888888888889 1.34135855546002 1.42724959518853 1.11111111111111 0.931034482758621 6 1.02579132473623 NA NA NA NA NA NA NA NA NA NA NA NA NA NA
207 3.MO1 Medium 3.MO1.04 fem medium 5 21.7380000000003 0.555932203389831 13 9 4 2.41533333333336 2.25 0.793650793650794 0.239129053076234 0.985583974244321 1.00862068965517 0.407035175879397 0.620689655172414 0.594484223007066 0.692672016839889 3 4 12 22 22 1 0.545454545454545 0.606060606060606 0.888888888888889 0.945829750644884 1.01781170483461 0.555555555555556 1.08620689655172 7 0.946138870863076 1.2 NA 4.8 NA 6 3.72651356993737 0.731652661064426 0.731652661064426 NA NA 3.71812393483439 0.178970917225951 0.128755364806867 0.0472813238770685
208 3.MO1 Medium 3.MO1.04 mal medium 5 21.7380000000003 0.555932203389831 13 9 4 2.41533333333336 2.25 0.793650793650794 0.239129053076234 0.985583974244321 1.00862068965517 0.407035175879397 0.620689655172414 0.594484223007066 0.692672016839889 3 4 12 22 22 1 0.545454545454545 0.606060606060606 0.888888888888889 0.945829750644884 1.01781170483461 0.555555555555556 1.08620689655172 7 0.949589683470106 1.2 0.233333333333333 44.8 0.225 46 NA NA NA 0.828947368421053 0.539041703637977 NA 1.72573189522342 0.501417048179638 0.0182426269382792
209 3.MO1 Medium 3.MO1.05 fem medium 6 158.002000000001 0.686440677966102 16 42 13 3.7619523809524 3.23076923076923 0.952380952380952 1.73810233895256 1.21695582185656 1.24137931034483 1.89949748743719 2.01724137931034 0.925926582188812 0.994605972898303 17 17 30 24.7 19.1 4 3.09090909090909 2.57575757575758 2.22222222222222 1.06190885640585 0.883645616470044 2.22222222222222 0.931034482758621 6 1.02206359506814 88.2 NA 37.8 NA 126 1.7239165329053 0.139975170701428 0.139975170701428 NA NA 0.711328011450614 1.40939597315436 2.70386266094421 3.47517730496454
210 3.MO1 Medium 3.MO1.05 mal medium 6 158.002000000001 0.686440677966102 16 42 13 3.7619523809524 3.23076923076923 0.952380952380952 1.73810233895256 1.21695582185656 1.24137931034483 1.89949748743719 2.01724137931034 0.925926582188812 0.994605972898303 17 17 30 24.7 19.1 4 3.09090909090909 2.57575757575758 2.22222222222222 1.06190885640585 0.883645616470044 2.22222222222222 1.08620689655172 7 0.773739742086753 88.2 0.2 15 0.45 103.2 NA NA NA 0.710526315789474 1.07808340727595 NA 0.577812018489985 1.12491824722041 1.34083307996351
211 3.MO1 Medium 3.MO1.06 fem medium 0 NA NA NA NA NA NA NA 0 NA NA NA NA NA NA NA 3 3 12 21.3 21.3 1 0.545454545454545 0.454545454545455 0.888888888888889 0.91573516766982 0.985426786953504 0.555555555555556 NA NA NA NA NA NA NA 0 NA NA NA NA NA NA NA 0 NA
212 3.MO1 Medium 3.MO1.06 mal medium 0 NA NA NA NA NA NA NA 0 NA NA NA NA NA NA NA 3 3 12 21.3 21.3 1 0.545454545454545 0.454545454545455 0.888888888888889 0.91573516766982 0.985426786953504 0.555555555555556 NA NA NA NA NA NA NA NA NA NA NA NA NA NA NA NA NA
213 3.MO1 Medium 3.MO1.07 fem medium 13 101.914 0.529661016949152 5 32 5 3.18481250000001 6.4 2.06349206349206 1.12110582000235 0.939009121802897 0.387931034482759 1.44723618090452 0.775862068965517 0.783875566306517 1.97026707012235 4 5 11 24.4 24.4 1 0.727272727272727 0.757575757575758 0.814814814814815 1.04901117798796 1.12884570899838 0.555555555555556 1.24137931034483 8 1.44110966904607 0 NA 43 NA 43 1.14882554328921 0.028787959274015 0.028787959274015 NA NA 0.146295101634747 1.60328113348248 0.92274678111588 0
214 3.MO1 Medium 3.MO1.07 mal medium 13 101.914 0.529661016949152 5 32 5 3.18481250000001 6.4 2.06349206349206 1.12110582000235 0.939009121802897 0.387931034482759 1.44723618090452 0.775862068965517 0.783875566306517 1.97026707012235 4 5 11 24.4 24.4 1 0.727272727272727 0.757575757575758 0.814814814814815 1.04901117798796 1.12884570899838 0.555555555555556 1.24137931034483 8 1.26172332942556 NA NA NA NA NA NA NA NA NA NA NA NA NA NA
215 3.MO1 Medium 3.MO1.08 fem medium 7 60.6880000000002 0.273607748184019 2 14 4 4.33485714285715 3.5 1.11111111111111 0.667598857902766 0.485065283491325 0.155172413793103 0.633165829145729 0.620689655172414 1.06693521132405 1.07748980397316 4 6 9 17.2 17.2 1 0.727272727272727 0.909090909090909 0.666666666666667 0.739466895958727 0.795743696507055 0.555555555555556 1.08620689655172 7 1.15639195327709 37.5 NA 37.5 NA 75 0.562989323843416 -0.155246523388116 0.155246523388116 NA NA -0.788934210352519 1.39821029082774 1.60944206008584 1.47754137115839
216 3.MO1 Medium 3.MO1.08 mal medium 7 60.6880000000002 0.273607748184019 2 14 4 4.33485714285715 3.5 1.11111111111111 0.667598857902766 0.485065283491325 0.155172413793103 0.633165829145729 0.620689655172414 1.06693521132405 1.07748980397316 4 6 9 17.2 17.2 1 0.727272727272727 0.909090909090909 0.666666666666667 0.739466895958727 0.795743696507055 0.555555555555556 1.08620689655172 7 1.33645955451348 37.5 0.318518518518519 39.9111111111111 0.363888888888889 77.4111111111111 NA NA NA 1.13157894736842 0.871783496007099 NA 1.53740797808594 0.843809800644333 0.570082091821222
217 3.MO1 Medium 3.MO1.09 fem medium 16 251.652 0.514830508474576 1 54 13 4.66022222222222 4.15384615384615 2.53968253968254 2.76829995697578 0.912716866392416 0.0775862068965517 2.44221105527638 2.01724137931034 1.14701707983081 1.2787791080121 10 14 27 25.6 18.6333333333333 3 1.81818181818182 2.12121212121212 2 1.1006018916595 0.862055671215975 1.66666666666667 1.08620689655172 7 1.05126541207008 NA NA NA NA 172 NA NA NA NA NA NA NA 3.69098712446352 NA
218 3.MO1 Medium 3.MO1.09 mal medium 16 251.652 0.514830508474576 1 54 13 4.66022222222222 4.15384615384615 2.53968253968254 2.76829995697578 0.912716866392416 0.0775862068965517 2.44221105527638 2.01724137931034 1.14701707983081 1.2787791080121 10 14 27 25.6 18.6333333333333 3 1.81818181818182 2.12121212121212 2 1.1006018916595 0.862055671215975 1.66666666666667 1.24137931034483 8 1.20017584994138 172 0.333333333333333 16.6 0.5 188.6 NA NA NA 1.18421052631579 1.19787045252884 NA 0.63944530046225 2.05580989753652 2.61477652782001
219 3.MO1 Medium 3.MO1.10 fem medium 2 13.2449999999999 0.550847457627119 26 4 3 3.31124999999997 1.33333333333333 0.317460317460317 0.145701734657956 0.976569486675013 2.01724137931034 0.180904522613065 0.46551724137931 0.814995535508738 0.41047230627549 2 3 3 18.4 18.4 1 0.363636363636364 0.454545454545455 0.222222222222222 0.791057609630267 0.851260698588943 0.555555555555556 0.931034482758621 6 0.695003244646334 NA NA NA NA 0 NA NA NA NA NA NA NA 0 NA
220 3.MO1 Medium 3.MO1.10 mal medium 2 13.2449999999999 0.550847457627119 26 4 3 3.31124999999997 1.33333333333333 0.317460317460317 0.145701734657956 0.976569486675013 2.01724137931034 0.180904522613065 0.46551724137931 0.814995535508738 0.41047230627549 2 3 3 18.4 18.4 1 0.363636363636364 0.454545454545455 0.222222222222222 0.791057609630267 0.851260698588943 0.555555555555556 0.775862068965517 5 0.787807737397421 NA NA NA NA NA NA NA NA NA NA NA NA NA NA
221 3.MO2 Medium 3.MO2.01 fem medium 0 NA NA NA NA NA NA NA 0 NA NA NA NA NA NA NA 14 14 34 37.5 32.6 3 0.710659898477157 0.606060606060606 0.765765765765766 0.965499485066941 1.02477589576206 0.789473684210526 NA NA NA NA NA NA NA 1 NA NA NA NA NA NA NA 0.0709219858156028 NA
222 3.MO2 Medium 3.MO2.01 mal medium 0 NA NA NA NA NA NA NA 0 NA NA NA NA NA NA NA 14 14 34 37.5 32.6 3 0.710659898477157 0.606060606060606 0.765765765765766 0.965499485066941 1.02477589576206 0.789473684210526 NA NA NA NA NA NA NA NA NA NA NA NA NA NA NA NA NA
223 3.MO2 Medium 3.MO2.02 fem medium 0 NA NA NA NA NA NA NA 0 NA NA NA NA NA NA NA 23 30 42 32.9 22.05 4 1.16751269035533 1.2987012987013 0.945945945945946 0.847064881565396 0.693138297593663 1.05263157894737 NA NA NA NA NA NA NA 0 NA NA NA NA NA NA NA 0 NA
224 3.MO2 Medium 3.MO2.02 mal medium 0 NA NA NA NA NA NA NA 0 NA NA NA NA NA NA NA 23 30 42 32.9 22.05 4 1.16751269035533 1.2987012987013 0.945945945945946 0.847064881565396 0.693138297593663 1.05263157894737 NA NA NA NA NA NA NA NA NA NA NA NA NA NA NA NA NA
225 3.MO2 Medium 3.MO2.03 fem medium 2 10.73 0.37037037037037 9 4 2 2.6825 2 0.689655172413793 0.114541301052542 0.700695829886623 1.09090909090909 0.41025641025641 0.484848484848485 0.519131507760524 1.02776470588235 16 16 46 38.4 33.325 4 0.812182741116751 0.692640692640693 1.03603603603604 0.988671472708548 1.04756615724757 1.05263157894737 0.82051282051282 4 1.29768270944742 NA NA NA NA 49 NA NA NA NA NA NA NA 3.47517730496454 NA
226 3.MO2 Medium 3.MO2.03 mal medium 2 10.73 0.37037037037037 9 4 2 2.6825 2 0.689655172413793 0.114541301052542 0.700695829886623 1.09090909090909 0.41025641025641 0.484848484848485 0.519131507760524 1.02776470588235 16 16 46 38.4 33.325 4 0.812182741116751 0.692640692640693 1.03603603603604 0.988671472708548 1.04756615724757 1.05263157894737 1.02564102564103 5 0.666813671444322 NA NA NA NA NA NA NA NA NA NA NA NA NA NA
227 3.MO2 Medium 3.MO2.04 fem medium 10 124.141 0.498971193415638 1 23 7 5.3974347826087 3.28571428571429 3.44827586206897 1.3251884113666 0.943992993041701 0.121212121212121 2.35897435897436 1.6969696969697 1.04453996523197 1.68847058823529 19 20 34 43.6 36.1666666666667 3 0.964467005076142 0.865800865800866 0.765765765765766 1.12255406797116 1.13689350398961 0.789473684210526 1.43589743589744 7 1.08377896613191 NA NA NA NA 34 NA NA NA NA NA NA NA 2.4113475177305 NA
228 3.MO2 Medium 3.MO2.04 mal medium 10 124.141 0.498971193415638 1 23 7 5.3974347826087 3.28571428571429 3.44827586206897 1.3251884113666 0.943992993041701 0.121212121212121 2.35897435897436 1.6969696969697 1.04453996523197 1.68847058823529 19 20 34 43.6 36.1666666666667 3 0.964467005076142 0.865800865800866 0.765765765765766 1.12255406797116 1.13689350398961 0.789473684210526 1.43589743589744 7 1.27012127894157 34 0.305555555555556 2.33333333333333 0.537037037037037 36.3333333333333 NA NA NA 0.982142857142857 1.50259067357513 NA 0.897435897435897 3.3641975308642 4.14634146341463
229 3.MO2 Medium 3.MO2.05 fem medium 1 3.62099999999998 0.62962962962963 17 1 1 3.62099999999998 1 0.344827586206897 0.0386536860308715 1.19118291080726 2.06060606060606 0.102564102564103 0.242424242424242 0.700754963504509 0.513882352941176 21 25 37 40 34.4333333333333 3 1.06598984771574 1.08225108225108 0.833333333333333 1.02986611740474 1.08240644204725 0.789473684210526 1.02564102564103 5 0.718716577540107 NA NA NA NA 0 NA NA NA NA NA NA NA 0 NA
230 3.MO2 Medium 3.MO2.05 mal medium 1 3.62099999999998 0.62962962962963 17 1 1 3.62099999999998 1 0.344827586206897 0.0386536860308715 1.19118291080726 2.06060606060606 0.102564102564103 0.242424242424242 0.700754963504509 0.513882352941176 21 25 37 40 34.4333333333333 3 1.06598984771574 1.08225108225108 0.833333333333333 1.02986611740474 1.08240644204725 0.789473684210526 0.82051282051282 4 0.74090407938258 0 0.305555555555556 4.33333333333333 0.305555555555556 4.33333333333333 NA NA NA 0.982142857142857 0.854922279792746 NA 1.66666666666667 0.401234567901235 0
231 3.MO2 Medium 3.MO2.06 fem medium 2 17.275 0.203703703703704 4 5 5 3.45500000000001 1 0.689655172413793 0.184408292235104 0.385382706437643 0.484848484848485 0.512820512820513 1.21212121212121 0.668629770480005 0.513882352941176 15 16 47 43.8 39.1666666666667 3 0.761421319796954 0.692640692640693 1.05855855855856 1.12770339855819 1.23119803427446 0.789473684210526 0.615384615384615 3 0.798573975044563 0 NA 2 NA 2 0 -0.43019943019943 0.43019943019943 NA NA 42.5594261175682 0.461538461538462 0.141843971631206 0
232 3.MO2 Medium 3.MO2.06 mal medium 2 17.275 0.203703703703704 4 5 5 3.45500000000001 1 0.689655172413793 0.184408292235104 0.385382706437643 0.484848484848485 0.512820512820513 1.21212121212121 0.668629770480005 0.513882352941176 15 16 47 43.8 39.1666666666667 3 0.761421319796954 0.692640692640693 1.05855855855856 1.12770339855819 1.23119803427446 0.789473684210526 0.82051282051282 4 1.11135611907387 0 0.111111111111111 1.33333333333333 0.111111111111111 1.33333333333333 NA NA NA 0.357142857142857 0.310880829015544 NA 0.512820512820513 0.123456790123457 0
233 3.MO2 Medium 3.MO2.07 fem medium 6 563.111 0.777777777777778 2 34 13 16.5620882352941 2.61538461538462 2.06896551724138 6.01113388415637 1.47146124276191 0.242424242424242 3.48717948717949 3.15151515151515 3.20518241836014 1.344 20 22 45 45.5 37.3333333333333 3 1.01522842639594 0.952380952380952 1.01351351351351 1.17147270854789 1.17356748798927 0.789473684210526 1.02564102564103 5 0.87843137254902 4 NA 8 NA 12 0.411308203991131 -0.286253369272237 0.286253369272237 NA NA 28.3189104058067 1.84615384615385 0.851063829787234 1.71428571428571
234 3.MO2 Medium 3.MO2.07 mal medium 6 563.111 0.777777777777778 2 34 13 16.5620882352941 2.61538461538462 2.06896551724138 6.01113388415637 1.47146124276191 0.242424242424242 3.48717948717949 3.15151515151515 3.20518241836014 1.344 20 22 45 45.5 37.3333333333333 3 1.01522842639594 0.952380952380952 1.01351351351351 1.17147270854789 1.17356748798927 0.789473684210526 1.02564102564103 5 1.18544652701213 4 0.5 1 0.416666666666667 5 NA NA NA 1.60714285714286 1.16580310880829 NA 0.384615384615385 0.462962962962963 0.487804878048781
235 3.MO2 Medium 3.MO2.08 fem medium 2 3.56499999999994 0.666666666666667 15 2 1 1.78249999999997 2 0.689655172413793 0.0380558935929454 1.26125249379592 1.81818181818182 0.205128205128205 0.242424242424242 0.344958774495104 1.02776470588235 23 35 56 32.8 25.5 4 1.16751269035533 1.51515151515152 1.26126126126126 0.844490216271885 0.801588507421243 1.05263157894737 1.23076923076923 6 0.798573975044563 NA NA NA NA 14 NA NA NA NA NA NA NA 0.99290780141844 NA
236 3.MO2 Medium 3.MO2.08 mal medium 2 3.56499999999994 0.666666666666667 15 2 1 1.78249999999997 2 0.689655172413793 0.0380558935929454 1.26125249379592 1.81818181818182 0.205128205128205 0.242424242424242 0.344958774495104 1.02776470588235 23 35 56 32.8 25.5 4 1.16751269035533 1.51515151515152 1.26126126126126 0.844490216271885 0.801588507421243 1.05263157894737 0.82051282051282 4 1.11135611907387 NA NA NA NA NA NA NA NA NA NA NA NA NA NA
237 3.MO2 Medium 3.MO2.09 fem medium 5 21.8779999999999 0.637037037037037 6 8 3 2.73474999999998 2.66666666666667 1.72413793103448 0.233544695659599 1.20519682740499 0.727272727272727 0.82051282051282 0.727272727272727 0.529243202552873 1.37035294117647 28 33 53 38.1 24.9833333333333 6 1.42131979695431 1.42857142857143 1.19369369369369 0.980947476828013 0.785347171649961 1.57894736842105 1.43589743589744 7 1.02673796791444 3 NA 3 NA 6 3.18601398601399 0.68612818261633 0.68612818261633 NA NA -67.8783365233749 0.692307692307692 0.425531914893617 1.28571428571429
238 3.MO2 Medium 3.MO2.09 mal medium 5 21.8779999999999 0.637037037037037 6 8 3 2.73474999999998 2.66666666666667 1.72413793103448 0.233544695659599 1.20519682740499 0.727272727272727 0.82051282051282 0.727272727272727 0.529243202552873 1.37035294117647 28 33 53 38.1 24.9833333333333 6 1.42131979695431 1.42857142857143 1.19369369369369 0.980947476828013 0.785347171649961 1.57894736842105 1.23076923076923 6 1.17309812568908 3 0.333333333333333 4 0.416666666666667 7 NA NA NA 1.07142857142857 1.16580310880829 NA 1.53846153846154 0.648148148148148 0.365853658536585
239 3.MO2 Medium 3.MO2.10 fem medium 1 5.10299999999995 0.444444444444444 12 1 1 5.10299999999995 1 0.344827586206897 0.0544738359059753 0.840834995863948 1.45454545454545 0.102564102564103 0.242424242424242 0.987559397614884 0.513882352941176 18 20 50 35.8 32.56 5 0.913705583756345 0.865800865800866 1.12612612612613 0.92173017507724 1.02351850202493 1.31578947368421 0.41025641025641 2 1.39750445632799 NA NA NA NA 23 NA NA NA NA NA NA NA 1.63120567375887 NA
240 3.MO2 Medium 3.MO2.10 mal medium 1 5.10299999999995 0.444444444444444 12 1 1 5.10299999999995 1 0.344827586206897 0.0544738359059753 0.840834995863948 1.45454545454545 0.102564102564103 0.242424242424242 0.987559397614884 0.513882352941176 18 20 50 35.8 32.56 5 0.913705583756345 0.865800865800866 1.12612612612613 0.92173017507724 1.02351850202493 1.31578947368421 0.82051282051282 4 0.74090407938258 NA NA NA NA NA NA NA NA NA NA NA NA NA NA
241 4.FA1 Low 4.FA1.01 fem low 2 62.15 0.672413793103448 14 12 9 5.17916666666667 1.33333333333333 0.689655172413793 0.367198147170733 1.22384937238494 1.61538461538462 0.502325581395349 0.736363636363636 0.761177768070623 0.672367059126451 15 17 27 28.9 26.45 2 1.15384615384615 1.0625 1.11111111111111 0.898073337476694 0.925634295713036 0.769230769230769 0.75 3 0.912630149388864 79.2 NA 8.8 NA 88 NA NA NA NA NA NA 0.443626470352885 2.96296296296296 5.95204580699034
242 4.FA1 Low 4.FA1.01 mal low 2 62.15 0.672413793103448 14 12 9 5.17916666666667 1.33333333333333 0.689655172413793 0.367198147170733 1.22384937238494 1.61538461538462 0.502325581395349 0.736363636363636 0.761177768070623 0.672367059126451 15 17 27 28.9 26.45 2 1.15384615384615 1.0625 1.11111111111111 0.898073337476694 0.925634295713036 0.769230769230769 1.25 5 0.568608094768016 79.2 0.65 26.7 0.733333333333333 105.9 NA NA NA 1.25874125874126 1.33603238866397 NA 1.19608770314328 2.30103451189628 3.34177215189873
243 4.FA1 Low 4.FA1.02 fem low 2 101.047 0.637931034482759 13 16 12 6.3154375 1.33333333333333 0.689655172413793 0.597011603815947 1.16108786610879 1.5 0.669767441860465 0.981818181818182 0.928174536567565 0.672367059126451 15 17 19 25.7 23.7 2 1.15384615384615 1.0625 0.781893004115226 0.798632691112492 0.829396325459318 0.769230769230769 1 4 0.727252150294251 5 NA 15 NA 20 3.61922365988909 0.723697650663943 0.723697650663943 NA NA 1.41053883952522 0.756181483556054 0.673400673400673 0.375760467613026
244 4.FA1 Low 4.FA1.02 mal low 2 101.047 0.637931034482759 13 16 12 6.3154375 1.33333333333333 0.689655172413793 0.597011603815947 1.16108786610879 1.5 0.669767441860465 0.981818181818182 0.928174536567565 0.672367059126451 15 17 19 25.7 23.7 2 1.15384615384615 1.0625 0.781893004115226 0.798632691112492 0.829396325459318 0.769230769230769 1 4 0.71076011846002 5 0.1 8.8 0.175 13.8 NA NA NA 0.193652501344809 0.318825910931174 NA 0.394216171822503 0.299851522796683 0.210970464135021
245 4.FA1 Low 4.FA1.03 fem low 4 136.034000000001 0.586206896551724 10 25 13 5.44136000000003 1.92307692307692 1.37931034482759 0.803723777187832 1.06694560669456 1.15384615384615 1.04651162790698 1.06363636363636 0.799712101702742 0.969760181432381 12 15 25 28.1 22.0333333333333 3 0.923076923076923 0.9375 1.02880658436214 0.873213175885643 0.771070282881305 1.15384615384615 1.5 6 0.770031688546854 NA NA NA NA 5 NA NA NA NA NA NA NA 0.168350168350168 NA
246 4.FA1 Low 4.FA1.03 mal low 4 136.034000000001 0.586206896551724 10 25 13 5.44136000000003 1.92307692307692 1.37931034482759 0.803723777187832 1.06694560669456 1.15384615384615 1.04651162790698 1.06363636363636 0.799712101702742 0.969760181432381 12 15 25 28.1 22.0333333333333 3 0.923076923076923 0.9375 1.02880658436214 0.873213175885643 0.771070282881305 1.15384615384615 1.25 5 1.06614017769003 NA NA NA NA NA NA NA NA NA NA NA NA NA NA
247 4.FA1 Low 4.FA1.04 fem low 3 189.893 0.689655172413793 11 26 16 7.30357692307692 1.625 1.03448275862069 1.12193656895723 1.25523012552301 1.26923076923077 1.08837209302326 1.30909090909091 1.0734005563134 0.819447353310362 17 21 30 30.2 26.2666666666667 3 1.30769230769231 1.3125 1.23456790123457 0.93847110006215 0.919218431029456 1.15384615384615 0.75 3 1.25486645540969 NA NA NA NA 49 NA NA NA NA NA NA NA 1.64983164983165 NA
248 4.FA1 Low 4.FA1.04 mal low 3 189.893 0.689655172413793 11 26 16 7.30357692307692 1.625 1.03448275862069 1.12193656895723 1.25523012552301 1.26923076923077 1.08837209302326 1.30909090909091 1.0734005563134 0.819447353310362 17 21 30 30.2 26.2666666666667 3 1.30769230769231 1.3125 1.23456790123457 0.93847110006215 0.919218431029456 1.15384615384615 1.25 5 0.568608094768016 34.3 0.6875 25.625 0.691666666666667 59.925 NA NA NA 1.33136094674556 1.26012145748988 NA 1.14793061397178 1.30207264518777 1.44725738396624
249 4.FA1 Low 4.FA1.05 fem low 2 405.599999999999 0.482758620689655 1 27 14 15.0222222222222 1.92857142857143 0.689655172413793 2.39638887357118 0.878661087866109 0.115384615384615 1.13023255813953 1.14545454545455 2.20780336268486 0.972530924807902 10 13 18 39.6 37.7 3 0.769230769230769 0.8125 0.740740740740741 1.23057799875699 1.31933508311461 1.15384615384615 0.5 2 0.85559076505206 0 NA 79 NA 79 0.719128329297821 -0.167388167388167 0.167388167388167 NA NA -0.326251592997914 3.98255581339522 2.65993265993266 0
250 4.FA1 Low 4.FA1.05 mal low 2 405.599999999999 0.482758620689655 1 27 14 15.0222222222222 1.92857142857143 0.689655172413793 2.39638887357118 0.878661087866109 0.115384615384615 1.13023255813953 1.14545454545455 2.20780336268486 0.972530924807902 10 13 18 39.6 37.7 3 0.769230769230769 0.8125 0.740740740740741 1.23057799875699 1.31933508311461 1.15384615384615 0.5 2 1.24383020730503 0 0.444444444444444 4.88888888888889 0.444444444444444 4.88888888888889 NA NA NA 0.860677783754707 0.809716599190283 NA 0.219008984345835 0.106227592617182 0
251 4.FA1 Low 4.FA1.06 fem low 0 NA NA NA NA NA NA NA 0 NA NA NA NA NA NA NA 19 22 37 31.6 26.1 5 1.46153846153846 1.375 1.52263374485597 0.981976382846489 0.913385826771654 1.92307692307692 NA NA NA NA NA NA NA 11 NA NA NA NA NA NA NA 0.37037037037037 NA
252 4.FA1 Low 4.FA1.06 mal low 0 NA NA NA NA NA NA NA 0 NA NA NA NA NA NA NA 19 22 37 31.6 26.1 5 1.46153846153846 1.375 1.52263374485597 0.981976382846489 0.913385826771654 1.92307692307692 NA NA NA NA NA NA NA NA NA NA NA NA NA NA NA NA NA
253 4.FA1 Low 4.FA1.07 fem low 2 73.8349999999998 0.672413793103448 17 20 11 3.69174999999999 1.81818181818182 0.689655172413793 0.436236125444103 1.22384937238494 1.96153846153846 0.837209302325581 0.9 0.542573391847089 0.916864171536069 10 14 29 35.1 33.3 2 0.769230769230769 0.875 1.19341563786008 1.09073958980733 1.16535433070866 0.769230769230769 1 4 0.684472612041648 2.83333333333333 NA 14.1666666666667 NA 17 2.46994773519164 0.595133133486158 0.595133133486158 NA NA 1.15995733674198 0.714171401136273 0.572390572390572 0.212930931647381
254 4.FA1 Low 4.FA1.07 mal low 2 73.8349999999998 0.672413793103448 17 20 11 3.69174999999999 1.81818181818182 0.689655172413793 0.436236125444103 1.22384937238494 1.96153846153846 0.837209302325581 0.9 0.542573391847089 0.916864171536069 10 14 29 35.1 33.3 2 0.769230769230769 0.875 1.19341563786008 1.09073958980733 1.16535433070866 0.769230769230769 1 4 0.71076011846002 NA NA NA NA NA NA NA NA NA NA NA NA NA NA
255 4.FA1 Low 4.FA1.08 fem low 5 113.285 0.482758620689655 7 23 13 4.92543478260869 1.76923076923077 1.72413793103448 0.669316847984496 0.878661087866109 0.807692307692308 0.962790697674419 1.06363636363636 0.723887006520385 0.892179366917791 13 14 20 36.6 31.1 2 1 0.875 0.823045267489712 1.13735239279055 1.08836395450569 0.769230769230769 1.75 7 0.757808963331824 0 NA 14 NA 14 3.7 0.72972972972973 0.72972972972973 NA NA 1.42229579603541 0.705769384652317 0.471380471380471 0
256 4.FA1 Low 4.FA1.08 mal low 5 113.285 0.482758620689655 7 23 13 4.92543478260869 1.76923076923077 1.72413793103448 0.669316847984496 0.878661087866109 0.807692307692308 0.962790697674419 1.06363636363636 0.723887006520385 0.892179366917791 13 14 20 36.6 31.1 2 1 0.875 0.823045267489712 1.13735239279055 1.08836395450569 0.769230769230769 0.75 3 1.42152023692004 NA NA NA NA NA NA NA NA NA NA NA NA NA NA
257 4.FA1 Low 4.FA1.09 fem low 5 250.002999999999 0.358620689655172 2 37 10 6.75683783783782 3.7 1.72413793103448 1.47708187268101 0.652719665271966 0.230769230769231 1.54883720930233 0.818181818181818 0.993046772895355 1.8658185890759 9 14 18 30.8 27.3 2 0.692307692307692 0.875 0.740740740740741 0.957116221255438 0.955380577427822 0.769230769230769 0.75 3 1.88229968311453 6.11111111111111 NA 4.88888888888889 NA 11 2.59473759473759 0.614604574262882 0.614604574262882 NA NA 1.19790857708646 0.246459150196047 0.37037037037037 0.459262793749254
258 4.FA1 Low 4.FA1.09 mal low 5 250.002999999999 0.358620689655172 2 37 10 6.75683783783782 3.7 1.72413793103448 1.47708187268101 0.652719665271966 0.230769230769231 1.54883720930233 0.818181818181818 0.993046772895355 1.8658185890759 9 14 18 30.8 27.3 2 0.692307692307692 0.875 0.740740740740741 0.957116221255438 0.955380577427822 0.769230769230769 1 4 1.68805528134255 NA NA NA NA NA NA NA NA NA NA NA NA NA NA
259 4.FA1 Low 4.FA1.10 fem low 4 191.445 0.362068965517241 3 29 12 6.60155172413792 2.41666666666667 1.37931034482759 1.13110618318746 0.658995815899582 0.346153846153846 1.21395348837209 0.981818181818182 0.970224503397987 1.21866529466669 10 13 20 35.2 31.8 2 0.769230769230769 0.8125 0.823045267489712 1.09384711000622 1.11286089238845 0.769230769230769 1 4 1.15504753282028 0 NA 3 NA 3 2.39584728734092 0.582611126642438 0.582611126642438 NA NA 1.13555104360884 0.151236296711211 0.101010101010101 0
260 4.FA1 Low 4.FA1.10 mal low 4 191.445 0.362068965517241 3 29 12 6.60155172413792 2.41666666666667 1.37931034482759 1.13110618318746 0.658995815899582 0.346153846153846 1.21395348837209 0.981818181818182 0.970224503397987 1.21866529466669 10 13 20 35.2 31.8 2 0.769230769230769 0.8125 0.823045267489712 1.09384711000622 1.11286089238845 0.769230769230769 1 4 1.02171767028628 0 0.7 45.6 0.7 45.6 NA NA NA 1.35556750941366 1.2753036437247 NA 2.04275652671661 0.990813727502082 0
261 4.FA2 Low 4.FA2.01 fem low 0 NA NA NA NA NA NA NA 0 NA NA NA NA NA NA NA 12 14 30 26.3 24 2 1.46341463414634 1.41414141414141 1.57068062827225 1.00343380389164 0.987180366079386 1.11111111111111 NA NA NA NA NA NA NA 0 NA NA NA NA NA NA NA 0 NA
262 4.FA2 Low 4.FA2.01 mal low 0 NA NA NA NA NA NA NA 0 NA NA NA NA NA NA NA 12 14 30 26.3 24 2 1.46341463414634 1.41414141414141 1.57068062827225 1.00343380389164 0.987180366079386 1.11111111111111 NA NA NA NA NA NA NA NA NA NA NA NA NA NA NA NA NA
263 4.FA2 Low 4.FA2.02 fem low 2 41.201 0.772727272727273 6 5 4 8.24020000000001 1.25 1.81818181818182 1.60021491037849 1.3972602739726 1.2 0.9375 1.14285714285714 1.41299483132388 0.952380952380952 10 11 19 34.7 30.85 2 1.21951219512195 1.11111111111111 0.994764397905759 1.32392216711179 1.26893809556454 1.11111111111111 1.17647058823529 4 1.60714285714286 0 NA 11 NA 11 0.526465364120782 -0.359784075573549 0.359784075573549 NA NA 3.38059405096571 1.17857142857143 1.92982456140351 0
264 4.FA2 Low 4.FA2.02 mal low 2 41.201 0.772727272727273 6 5 4 8.24020000000001 1.25 1.81818181818182 1.60021491037849 1.3972602739726 1.2 0.9375 1.14285714285714 1.41299483132388 0.952380952380952 10 11 19 34.7 30.85 2 1.21951219512195 1.11111111111111 0.994764397905759 1.32392216711179 1.26893809556454 1.11111111111111 1.05882352941176 3 0.93854748603352 NA NA NA NA NA NA NA NA NA NA NA NA NA NA
265 4.FA2 Low 4.FA2.03 fem low 4 33.292 0.545454545454545 3 10 5 3.3292 2 3.63636363636364 1.29303547963206 0.986301369863014 0.6 1.875 1.42857142857143 0.570877210801128 1.52380952380952 7 10 21 28.2 25.5 2 0.853658536585366 1.01010101010101 1.09947643979058 1.07592521938192 1.04887913895935 1.11111111111111 1.17647058823529 4 0.669642857142857 0 NA 15 NA 15 1.52169981916817 0.146931499872676 0.146931499872676 NA NA -1.38059405096571 1.60714285714286 2.63157894736842 0
266 4.FA2 Low 4.FA2.03 mal low 4 33.292 0.545454545454545 3 10 5 3.3292 2 3.63636363636364 1.29303547963206 0.986301369863014 0.6 1.875 1.42857142857143 0.570877210801128 1.52380952380952 7 10 21 28.2 25.5 2 0.853658536585366 1.01010101010101 1.09947643979058 1.07592521938192 1.04887913895935 1.11111111111111 1.41176470588235 4 0.905027932960894 0 0.55 8.6 0.55 8.6 NA NA NA 1.12820512820513 1.1 NA 1.22857142857143 1.14666666666667 0
267 4.FA2 Low 4.FA2.04 fem low 2 18.999 0.272727272727273 2 2 2 9.4995 1 1.81818181818182 0.737906436306908 0.493150684931507 0.4 0.375 0.571428571428571 1.62893429773078 0.761904761904762 6 9 23 27.2 23.35 2 0.731707317073171 0.909090909090909 1.20418848167539 1.03777184280809 0.960444231164736 1.11111111111111 0.588235294117647 2 0.535714285714286 NA NA NA NA 5 NA NA NA NA NA NA NA 0.87719298245614 NA
268 4.FA2 Low 4.FA2.04 mal low 2 18.999 0.272727272727273 2 2 2 9.4995 1 1.81818181818182 0.737906436306908 0.493150684931507 0.4 0.375 0.571428571428571 1.62893429773078 0.761904761904762 6 9 23 27.2 23.35 2 0.731707317073171 0.909090909090909 1.20418848167539 1.03777184280809 0.960444231164736 1.11111111111111 1.05882352941176 3 0.93854748603352 0 0.5 7.5 0.5 7.5 NA NA NA 1.02564102564103 1 NA 1.07142857142857 1 0
269 4.FA2 Low 4.FA2.05 fem low 0 NA NA NA NA NA NA NA 0 NA NA NA NA NA NA NA 13 16 26 24.2 22.1666666666667 3 1.58536585365854 1.61616161616162 1.36125654450262 0.923311713086608 0.911770754781656 1.66666666666667 NA NA NA NA NA NA NA 0 NA NA NA NA NA NA NA 0 NA
270 4.FA2 Low 4.FA2.05 mal low 0 NA NA NA NA NA NA NA 0 NA NA NA NA NA NA NA 13 16 26 24.2 22.1666666666667 3 1.58536585365854 1.61616161616162 1.36125654450262 0.923311713086608 0.911770754781656 1.66666666666667 NA NA NA NA NA NA NA NA NA NA NA NA NA NA NA NA NA
271 4.FA2 Low 4.FA2.06 fem low 0 NA NA NA NA NA NA NA 0 NA NA NA NA NA NA NA 8 8 21 21.3 19 2 0.975609756097561 0.808080808080808 1.09947643979058 0.81266692102251 0.781517789812847 1.11111111111111 NA NA NA NA NA NA NA 22 NA NA NA NA NA NA NA 3.85964912280702 NA
272 4.FA2 Low 4.FA2.06 mal low 0 NA NA NA NA NA NA NA 0 NA NA NA NA NA NA NA 8 8 21 21.3 19 2 0.975609756097561 0.808080808080808 1.09947643979058 0.81266692102251 0.781517789812847 1.11111111111111 NA NA NA NA NA NA NA NA NA NA NA NA NA NA NA NA NA
273 4.FA2 Low 4.FA2.07 fem low 1 50.9919999999999 0.909090909090909 10 13 8 3.92246153846153 1.625 0.909090909090909 1.9804897626276 1.64383561643836 2 2.4375 2.28571428571429 0.672607203698072 1.23809523809524 10 12 19 29 27.05 2 1.21951219512195 1.21212121212121 0.994764397905759 1.10644792064098 1.11263453760197 1.11111111111111 0.882352941176471 3 1.25 2 NA 2 NA 4 NA NA NA NA NA NA 0.214285714285714 0.701754385964912 3
274 4.FA2 Low 4.FA2.07 mal low 1 50.9919999999999 0.909090909090909 10 13 8 3.92246153846153 1.625 0.909090909090909 1.9804897626276 1.64383561643836 2 2.4375 2.28571428571429 0.672607203698072 1.23809523809524 10 12 19 29 27.05 2 1.21951219512195 1.21212121212121 0.994764397905759 1.10644792064098 1.11263453760197 1.11111111111111 0.352941176470588 1 1.20670391061453 2 0.4 4.4 0.45 6.4 NA NA NA 0.82051282051282 0.9 NA 0.628571428571429 0.853333333333333 4
275 4.FA2 Low 4.FA2.08 fem low 1 6.999 0.0909090909090909 1 1 1 6.999 1 0.909090909090909 0.271835735970948 0.164383561643836 0.2 0.1875 0.285714285714286 1.20015907677433 0.761904761904762 2 3 11 25.5 25.5 1 0.24390243902439 0.303030303030303 0.575916230366492 0.972911102632583 1.04887913895935 0.555555555555556 NA NA NA NA NA NA NA 0 NA NA NA NA NA NA NA 0 NA
276 4.FA2 Low 4.FA2.08 mal low 1 6.999 0.0909090909090909 1 1 1 6.999 1 0.909090909090909 0.271835735970948 0.164383561643836 0.2 0.1875 0.285714285714286 1.20015907677433 0.761904761904762 2 3 11 25.5 25.5 1 0.24390243902439 0.303030303030303 0.575916230366492 0.972911102632583 1.04887913895935 0.555555555555556 1.41176470588235 4 0.804469273743017 NA NA NA NA NA NA NA NA NA NA NA NA NA NA
277 4.FA2 Low 4.FA2.09 fem low 1 3 0.727272727272727 8 1 1 3 1 0.909090909090909 0.11651767508399 1.31506849315069 1.6 0.1875 0.285714285714286 0.514427379671809 0.761904761904762 9 9 11 20 20 1 1.09756097560976 0.909090909090909 0.575916230366492 0.763067531476536 0.822650305066155 0.555555555555556 1.17647058823529 4 0.9375 NA NA NA NA 0 NA NA NA NA NA NA NA 0 NA
278 4.FA2 Low 4.FA2.09 mal low 1 3 0.727272727272727 8 1 1 3 1 0.909090909090909 0.11651767508399 1.31506849315069 1.6 0.1875 0.285714285714286 0.514427379671809 0.761904761904762 9 9 11 20 20 1 1.09756097560976 0.909090909090909 0.575916230366492 0.763067531476536 0.822650305066155 0.555555555555556 0.705882352941176 2 1.20670391061453 0 0.5 7.5 0.5 7.5 NA NA NA 1.02564102564103 1 NA 1.07142857142857 1 0
279 4.FA2 Low 4.FA2.10 fem low 0 NA NA NA NA NA NA NA 0 NA NA NA NA NA NA NA 5 7 10 25.7 25.7 1 0.609756097560976 0.707070707070707 0.523560209424084 0.980541777947348 1.05710564201001 0.555555555555556 NA NA NA NA NA NA NA 0 NA NA NA NA NA NA NA 0 NA
280 4.FA2 Low 4.FA2.10 mal low 0 NA NA NA NA NA NA NA 0 NA NA NA NA NA NA NA 5 7 10 25.7 25.7 1 0.609756097560976 0.707070707070707 0.523560209424084 0.980541777947348 1.05710564201001 0.555555555555556 NA NA NA NA NA NA NA NA NA NA NA NA NA NA NA NA NA
281 4.MO1 Medium 4.MO1.01 fem medium 4 94.2230000000003 0.310113519091847 15.5 16 12 5.88893750000002 1.33333333333333 0.54054054054054 0.549327092821781 0.637356000266638 2.05298013245033 0.567375886524823 1.01694915254237 1.00587247101769 0.589686162220395 15 20 25 26.8 24.4 3 1.13636363636364 1.24223602484472 0.988142292490119 0.83619344773791 0.859608948388233 1.03448275862069 0.72289156626506 6 0.694597574421169 1.44444444444444 NA 11.5555555555556 NA 13 1.27099747287052 0.0913784461152882 0.0913784461152882 NA NA 0.581510411499168 0.194084165344779 0.169934640522876 0.0851621356043236
282 4.MO1 Medium 4.MO1.01 mal medium 4 94.2230000000003 0.310113519091847 15.5 16 12 5.88893750000002 1.33333333333333 0.54054054054054 0.549327092821781 0.637356000266638 2.05298013245033 0.567375886524823 1.01694915254237 1.00587247101769 0.589686162220395 15 20 25 26.8 24.4 3 1.13636363636364 1.24223602484472 0.988142292490119 0.83619344773791 0.859608948388233 1.03448275862069 0.963855421686747 8 0.662847790507365 NA NA NA NA NA NA NA NA NA NA NA NA NA NA
283 4.MO1 Medium 4.MO1.02 fem medium 9 257.548 0.522851245761462 4.5 66 20 3.90224242424243 3.3 1.21621621621622 1.50152398142772 1.07458191345169 0.596026490066225 2.34042553191489 1.69491525423729 0.666530801147536 1.45947325149548 20 25 30 36.4 29.8666666666667 3 1.51515151515152 1.5527950310559 1.18577075098814 1.13572542901716 1.05219893136046 1.03448275862069 1.08433734939759 9 1.19073869900772 0 NA 63 NA 63 2.31822630261879 0.202181592386428 0.202181592386428 NA NA 1.28663493399587 1.05813193990856 0.823529411764706 0
284 4.MO1 Medium 4.MO1.02 mal medium 9 257.548 0.522851245761462 4.5 66 20 3.90224242424243 3.3 1.21621621621622 1.50152398142772 1.07458191345169 0.596026490066225 2.34042553191489 1.69491525423729 0.666530801147536 1.45947325149548 20 25 30 36.4 29.8666666666667 3 1.51515151515152 1.5527950310559 1.18577075098814 1.13572542901716 1.05219893136046 1.03448275862069 1.08433734939759 9 1.02564102564103 0 0.175 40.1 0.175 40.1 NA NA NA 0.65592464055528 0.624908155767818 NA 0.609365326529464 0.475584579117677 0
285 4.MO1 Medium 4.MO1.03 fem medium 8 101.267 0.524853801169591 5 30 10 3.37556666666668 3 1.08108108108108 0.590394136344452 1.0786976343947 0.662251655629139 1.06382978723404 0.847457627118644 0.576570830321249 1.32679386499589 18 21 33 30.5 25.1666666666667 3 1.36363636363636 1.30434782608696 1.30434782608696 0.951638065522621 0.886618519170924 1.03448275862069 1.08433734939759 9 1.01433296582139 11.4 NA 45.6 NA 57 1.49786189420336 0.094966202182697 0.094966202182697 NA NA 0.604342026566089 0.76588597555286 0.745098039215686 0.672125777923354
286 4.MO1 Medium 4.MO1.03 mal medium 8 101.267 0.524853801169591 5 30 10 3.37556666666668 3 1.08108108108108 0.590394136344452 1.0786976343947 0.662251655629139 1.06382978723404 0.847457627118644 0.576570830321249 1.32679386499589 18 21 33 30.5 25.1666666666667 3 1.36363636363636 1.30434782608696 1.30434782608696 0.951638065522621 0.886618519170924 1.03448275862069 0.963855421686747 8 1.08019639934534 11.4 0.15 43.6 0.166666666666667 55 NA NA NA 0.562221120475954 0.595150624540779 NA 0.662551826351237 0.652298051158909 0.615846338535414
287 4.MO1 Medium 4.MO1.04 fem medium 10 289.084999999999 0.461079168509509 6.5 46 16 6.28445652173912 2.875 1.35135135135135 1.68538703531392 0.947625809761783 0.860927152317881 1.63120567375887 1.35593220338983 1.07342993715334 1.27151078728773 16 19 30 36.7 31.3 4 1.21212121212121 1.18012422360248 1.18577075098814 1.14508580343214 1.10269508543245 1.37931034482759 1.08433734939759 9 1.19073869900772 0 NA 172 NA 172 2.46957934435741 0.211581418272645 0.211581418272645 NA NA 1.34645316084794 2.88886815340114 2.2483660130719 0
288 4.MO1 Medium 4.MO1.04 mal medium 10 289.084999999999 0.461079168509509 6.5 46 16 6.28445652173912 2.875 1.35135135135135 1.68538703531392 0.947625809761783 0.860927152317881 1.63120567375887 1.35593220338983 1.07342993715334 1.27151078728773 16 19 30 36.7 31.3 4 1.21212121212121 1.18012422360248 1.18577075098814 1.14508580343214 1.10269508543245 1.37931034482759 1.08433734939759 9 1.22204037097654 0 0.1 9.1 0.1 9.1 NA NA NA 0.374814080317303 0.357090374724467 NA 0.138284899536611 0.107925677555383 0
289 4.MO1 Medium 4.MO1.05 fem medium 5 74.6999999999999 0.43859649122807 9 19 10 3.93157894736842 1.9 0.675675675675676 0.435506551837522 0.90141863598443 1.19205298013245 0.673758865248227 0.847457627118644 0.671541688257105 0.840302781164063 8 11 22 29 26.6 2 0.606060606060606 0.683229813664596 0.869565217391304 0.904836193447738 0.93711467324291 0.689655172413793 0.963855421686747 8 1.04189636163175 17.4 NA 40.6 NA 58 1.76594387755102 0.185884537997214 0.185884537997214 NA NA 1.1829244069845 0.681907250163292 0.758169934640523 1.0258761873567
290 4.MO1 Medium 4.MO1.05 mal medium 5 74.6999999999999 0.43859649122807 9 19 10 3.93157894736842 1.9 0.675675675675676 0.435506551837522 0.90141863598443 1.19205298013245 0.673758865248227 0.847457627118644 0.671541688257105 0.840302781164063 8 11 22 29 26.6 2 0.606060606060606 0.683229813664596 0.869565217391304 0.904836193447738 0.93711467324291 0.689655172413793 1.08433734939759 9 0.82924168030551 17.4 0.65 218 0.533333333333333 235.4 NA NA NA 2.43629152206247 1.90448199853049 NA 3.31275913175619 2.79183565896013 0.939975990396159
291 4.MO1 Medium 4.MO1.06 fem medium 5 37.6570000000004 0.52280701754386 14 7 5 5.37957142857148 1.4 0.675675675675676 0.219543108735552 1.07449101409344 1.85430463576159 0.24822695035461 0.423728813559322 0.918869117879639 0.619170470331415 7 9 20 35.5 33.2 3 0.53030303030303 0.559006211180124 0.790513833992095 1.10764430577223 1.16963184780694 1.03448275862069 0.963855421686747 8 0.917861080485116 6.4 NA 1.6 NA 8 NA NA NA NA NA NA 0.0268731921246618 0.104575163398693 0.377333770062234
292 4.MO1 Medium 4.MO1.06 mal medium 5 37.6570000000004 0.52280701754386 14 7 5 5.37957142857148 1.4 0.675675675675676 0.219543108735552 1.07449101409344 1.85430463576159 0.24822695035461 0.423728813559322 0.918869117879639 0.619170470331415 7 9 20 35.5 33.2 3 0.53030303030303 0.559006211180124 0.790513833992095 1.10764430577223 1.16963184780694 1.03448275862069 1.08433734939759 9 0.741953082378614 6.4 0.272222222222222 14.8777777777778 0.448148148148148 21.2777777777778 NA NA NA 1.02032721864155 1.60029390154298 NA 0.226084835750333 0.252353690498851 0.345738295318127
293 4.MO1 Medium 4.MO1.07 fem medium 7 95.7769999999999 0.279755761953904 3 23 13 4.16421739130434 1.76923076923077 0.945945945945946 0.558387028317836 0.574963690756343 0.397350993377483 0.815602836879433 1.10169491525424 0.71127799153007 0.782468176792447 15 16 27 30 27.3333333333333 3 1.13636363636364 0.993788819875776 1.06719367588933 0.93603744149766 0.962949914861134 1.03448275862069 1.08433734939759 9 0.904079382579934 27.3 NA 63.7 NA 91 1.07947927372388 0.0210364056762026 0.0210364056762026 NA NA 0.133870616554349 1.0698889614631 1.18954248366013 1.60956436292172
294 4.MO1 Medium 4.MO1.07 mal medium 7 95.7769999999999 0.279755761953904 3 23 13 4.16421739130434 1.76923076923077 0.945945945945946 0.558387028317836 0.574963690756343 0.397350993377483 0.815602836879433 1.10169491525424 0.71127799153007 0.782468176792447 15 16 27 30 27.3333333333333 3 1.13636363636364 0.993788819875776 1.06719367588933 0.93603744149766 0.962949914861134 1.03448275862069 0.963855421686747 8 0.957446808510638 27.3 0.4 48 0.366666666666667 75.3 NA NA NA 1.49925632126921 1.30933137398971 NA 0.72941485469861 0.893055331859379 1.47478991596639
295 4.MO1 Medium 4.MO1.08 fem medium 10 80.312 0.563467492260062 4.5 15 6 5.35413333333334 2.5 1.35135135135135 0.468224928931394 1.15805782411176 0.596026490066225 0.531914893617021 0.508474576271186 0.91452411002123 1.10566155416324 8 10 21 34.4 30.45 2 0.606060606060606 0.62111801242236 0.8300395256917 1.07332293291732 1.07274969173859 0.689655172413793 0.963855421686747 8 1.16593164277839 15.6666666666667 NA 31.3333333333333 NA 47 2.5503844597329 0.40526816883529 0.40526816883529 NA NA 2.57902896848993 0.526266679107959 0.61437908496732 0.92368162463151
296 4.MO1 Medium 4.MO1.08 mal medium 10 80.312 0.563467492260062 4.5 15 6 5.35413333333334 2.5 1.35135135135135 0.468224928931394 1.15805782411176 0.596026490066225 0.531914893617021 0.508474576271186 0.91452411002123 1.10566155416324 8 10 21 34.4 30.45 2 0.606060606060606 0.62111801242236 0.8300395256917 1.07332293291732 1.07274969173859 0.689655172413793 0.963855421686747 8 0.981996726677578 14.1 0.133333333333333 37.8 0.175 51.9 NA NA NA 0.499752107089737 0.624908155767818 NA 0.574414198075155 0.615532161002679 0.761704681872749
297 4.MO1 Medium 4.MO1.09 fem medium 10 567.264 0.587129588677576 3.5 38 15 14.928 2.53333333333333 1.35135135135135 3.30719128007444 1.2066889807758 0.463576158940397 1.34751773049645 1.27118644067797 2.5498087299028 1.12040370821875 13 16 22 30.7 26.9666666666667 3 0.984848484848485 0.993788819875776 0.869565217391304 0.957878315132605 0.950032294052024 1.03448275862069 1.08433734939759 9 1.03638368246968 73.6 NA 18.4 NA 92 0 -0.206069638260398 0.206069638260398 NA NA -1.31137752103054 0.30904170943361 1.20261437908497 4.33933835571569
298 4.MO1 Medium 4.MO1.09 mal medium 10 567.264 0.587129588677576 3.5 38 15 14.928 2.53333333333333 1.35135135135135 3.30719128007444 1.2066889807758 0.463576158940397 1.34751773049645 1.27118644067797 2.5498087299028 1.12040370821875 13 16 22 30.7 26.9666666666667 3 0.984848484848485 0.993788819875776 0.869565217391304 0.957878315132605 0.950032294052024 1.03448275862069 1.08433734939759 9 1.28750681942171 73.6 0.320634920634921 142.177777777778 0.380555555555556 215.777777777778 NA NA NA 1.20178482895389 1.35892725936811 NA 2.16055381498227 2.55911679868808 3.97599039615846
299 4.MO1 Medium 4.MO1.10 fem medium 6 117.411 0.654970760233918 10 22 11 5.33686363636363 2 0.810810810810811 0.684514856195386 1.34611849640342 1.32450331125828 0.780141843971631 0.932203389830508 0.911574322769346 0.884529243330593 12 14 23 30.5 28.5666666666667 3 0.909090909090909 0.869565217391304 0.909090909090909 0.951638065522621 1.00640009394633 1.03448275862069 0.963855421686747 8 0.843439911797133 16.4 NA 147.6 NA 164 3.32759060745278 0.408031319910515 0.408031319910515 NA NA 2.59661299609268 2.47905197350005 2.1437908496732 0.966917785784475
300 4.MO1 Medium 4.MO1.10 mal medium 6 117.411 0.654970760233918 10 22 11 5.33686363636363 2 0.810810810810811 0.684514856195386 1.34611849640342 1.32450331125828 0.780141843971631 0.932203389830508 0.911574322769346 0.884529243330593 12 14 23 30.5 28.5666666666667 3 0.909090909090909 0.869565217391304 0.909090909090909 0.951638065522621 1.00640009394633 1.03448275862069 0.72289156626506 6 1.21112929623568 16.4 0.2 38.6 0.175 55 NA NA NA 0.749628160634606 0.624908155767818 NA 0.586571112320132 0.652298051158909 0.885954381752701
301 4.MO2 Medium 4.MO2.01 fem medium 2 49.0379999999997 0.5 25 12 9 4.08649999999997 1.33333333333333 0.32258064516129 0.314783218237628 0.920015177976134 2.61780104712042 0.585365853658537 1.02272727272727 0.643496555389117 0.578608187676758 8 8 21 28.7 27.4 2 0.963855421686747 0.833333333333333 1.13513513513514 1.00279524807827 1.09592693820412 0.952380952380952 0.75 6 0.630714191069299 10.8888888888889 NA 3.11111111111111 NA 14 0 -0.267901234567901 0.267901234567901 NA NA -5.22049702187396 0.13266369752677 0.544747081712062 4.84189723320158
302 4.MO2 Medium 4.MO2.01 mal medium 2 49.0379999999997 0.5 25 12 9 4.08649999999997 1.33333333333333 0.32258064516129 0.314783218237628 0.920015177976134 2.61780104712042 0.585365853658537 1.02272727272727 0.643496555389117 0.578608187676758 8 8 21 28.7 27.4 2 0.963855421686747 0.833333333333333 1.13513513513514 1.00279524807827 1.09592693820412 0.952380952380952 0.625 5 0.888888888888889 NA NA NA NA NA NA NA NA NA NA NA NA NA NA
303 4.MO2 Medium 4.MO2.02 fem medium 5 80.4340000000005 0.518032786885246 15 16 9 5.02712500000003 1.77777777777778 0.806451612903226 0.516319453805736 0.953196053247405 1.57068062827225 0.780487804878049 1.02272727272727 0.791615715406964 0.771477583569011 8 10 13 22.7 20.15 2 0.963855421686747 1.04166666666667 0.702702702702703 0.793151642208246 0.80594627024865 0.952380952380952 0.875 7 1.08122432754737 0 NA 9 NA 9 0 -0.19697537807774 0.19697537807774 NA NA -3.83838983159561 0.383777124988155 0.350194552529183 0
304 4.MO2 Medium 4.MO2.02 mal medium 5 80.4340000000005 0.518032786885246 15 16 9 5.02712500000003 1.77777777777778 0.806451612903226 0.516319453805736 0.953196053247405 1.57068062827225 0.780487804878049 1.02272727272727 0.791615715406964 0.771477583569011 8 10 13 22.7 20.15 2 0.963855421686747 1.04166666666667 0.702702702702703 0.793151642208246 0.80594627024865 0.952380952380952 1 8 0.944444444444444 0 0.137037037037037 6.25555555555556 0.137037037037037 6.25555555555556 NA NA NA 0.452926974997693 0.452296408405612 NA 0.240073912631479 0.228758465011287 0
305 4.MO2 Medium 4.MO2.03 fem medium 5 45.6400000000001 0.544262295081967 18 10 5 4.56400000000001 2 0.806451612903226 0.292970881364767 1.00145914455107 1.8848167539267 0.48780487804878 0.568181818181818 0.718687942933062 0.867912281515137 5 5 17 22.1 16.25 2 0.602409638554217 0.520833333333333 0.918918918918919 0.772187281621244 0.649956669555363 0.952380952380952 1 8 1.14085066914006 0 NA 20 NA 20 2.47820457488131 0.255635169428273 0.255635169428273 NA NA 4.98147252975162 0.852838055529233 0.778210116731518 0
306 4.MO2 Medium 4.MO2.03 mal medium 5 45.6400000000001 0.544262295081967 18 10 5 4.56400000000001 2 0.806451612903226 0.292970881364767 1.00145914455107 1.8848167539267 0.48780487804878 0.568181818181818 0.718687942933062 0.867912281515137 5 5 17 22.1 16.25 2 0.602409638554217 0.520833333333333 0.918918918918919 0.772187281621244 0.649956669555363 0.952380952380952 1.125 9 0.864197530864197 0 0.7 25.9 0.7 25.9 NA NA NA 2.31359995336659 2.31037895104488 NA 0.993982753719322 0.947133182844244 0
307 4.MO2 Medium 4.MO2.04 fem medium 3 27.293 0.579234972677596 11 7 3 3.899 2.33333333333333 0.483870967741935 0.175198384423501 1.06580993295596 1.15183246073298 0.341463414634146 0.340909090909091 0.613971141432077 1.01256432843433 3 3 8 28.7 28.7 1 0.36144578313253 0.3125 0.432432432432432 1.00279524807827 1.14792347176855 0.476190476190476 0.875 7 0.636014310321982 0 NA 10 NA 10 0.727807826916958 -0.066783762685402 0.066783762685402 NA NA -1.30139166686189 0.426419027764617 0.389105058365759 0
308 4.MO2 Medium 4.MO2.04 mal medium 3 27.293 0.579234972677596 11 7 3 3.899 2.33333333333333 0.483870967741935 0.175198384423501 1.06580993295596 1.15183246073298 0.341463414634146 0.340909090909091 0.613971141432077 1.01256432843433 3 3 8 28.7 28.7 1 0.36144578313253 0.3125 0.432432432432432 1.00279524807827 1.14792347176855 0.476190476190476 0.75 6 0.703703703703704 0 0.2 6.8 0.2 6.8 NA NA NA 0.661028558104741 0.660108271727109 NA 0.260968444991945 0.248668171557562 0
309 4.MO2 Medium 4.MO2.05 fem medium 8 591.196 0.708430913348946 1.5 40 12 14.7799 3.33333333333333 1.29032258064516 3.79498714240413 1.30353438565705 0.157068062827225 1.95121951219512 1.36363636363636 2.32737421729981 1.4465204691919 11 15 26 28.1 24.8666666666667 3 1.32530120481928 1.5625 1.40540540540541 0.981830887491265 0.994600359976003 1.42857142857143 1.125 9 0.96462170398834 0 NA 37 NA 37 1.66417707767518 0.166292669658643 0.166292669658643 NA NA 3.24048669694496 1.57775040272908 1.43968871595331 0
310 4.MO2 Medium 4.MO2.05 mal medium 8 591.196 0.708430913348946 1.5 40 12 14.7799 3.33333333333333 1.29032258064516 3.79498714240413 1.30353438565705 0.157068062827225 1.95121951219512 1.36363636363636 2.32737421729981 1.4465204691919 11 15 26 28.1 24.8666666666667 3 1.32530120481928 1.5625 1.40540540540541 0.981830887491265 0.994600359976003 1.42857142857143 1.125 9 1.18518518518519 0 0.244642857142857 15.7714285714286 0.244642857142857 15.7714285714286 NA NA NA 0.808579575538834 0.807453868094767 NA 0.60527135140989 0.576742986133505 0
311 4.MO2 Medium 4.MO2.06 fem medium 7 186.972000000001 0.63231850117096 7 29 13 6.44731034482761 2.23076923076923 1.12903225806452 1.20020489988022 1.16348523678481 0.732984293193717 1.41463414634146 1.47727272727273 1.01525070314969 0.968056006305346 15 15 25 37.3 25.6666666666667 3 1.80722891566265 1.5625 1.35135135135135 1.30328441649196 1.02659822678488 1.42857142857143 1.125 9 0.939887814142485 4.8 NA 7.2 NA 12 1.5419298245614 0.117154018280426 0.117154018280426 NA NA 2.28293910074729 0.307021699990524 0.466926070038911 2.13438735177866
312 4.MO2 Medium 4.MO2.06 mal medium 7 186.972000000001 0.63231850117096 7 29 13 6.44731034482761 2.23076923076923 1.12903225806452 1.20020489988022 1.16348523678481 0.732984293193717 1.41463414634146 1.47727272727273 1.01525070314969 0.968056006305346 15 15 25 37.3 25.6666666666667 3 1.80722891566265 1.5625 1.35135135135135 1.30328441649196 1.02659822678488 1.42857142857143 1 8 0.888888888888889 4.8 0.223888888888889 21.3611111111111 0.253240740740741 26.1611111111111 NA NA NA 0.739984746989473 0.835831538506316 NA 0.819790580877476 0.956681715575621 3.72413793103448
313 4.MO2 Medium 4.MO2.07 fem medium 6 64.387 0.540983606557377 8 14 6 4.59907142857143 2.33333333333333 0.967741935483871 0.413311045977941 0.995426258138112 0.837696335078534 0.682926829268293 0.681818181818182 0.724210601315121 1.01256432843433 5 5 18 32.1 32.1 1 0.602409638554217 0.520833333333333 0.972972972972973 1.12159329140461 1.28391440570629 0.476190476190476 1 8 1.11302504306347 0 NA 5 NA 5 0.345841683366733 -0.189149645081848 0.189149645081848 NA NA -3.68589252838262 0.213209513882308 0.194552529182879 0
314 4.MO2 Medium 4.MO2.07 mal medium 6 64.387 0.540983606557377 8 14 6 4.59907142857143 2.33333333333333 0.967741935483871 0.413311045977941 0.995426258138112 0.837696335078534 0.682926829268293 0.681818181818182 0.724210601315121 1.01256432843433 5 5 18 32.1 32.1 1 0.602409638554217 0.520833333333333 0.972972972972973 1.12159329140461 1.28391440570629 0.476190476190476 1.125 9 0.91358024691358 0 0.273611111111111 23.2111111111111 0.273611111111111 23.2111111111111 NA NA NA 0.904323791296069 0.903064788404447 NA 0.890789349000284 0.848803611738149 0
315 4.MO2 Medium 4.MO2.08 fem medium 9 198.975 0.51183970856102 4 25 10 7.95900000000002 2.5 1.45161290322581 1.27725418754502 0.941800601134039 0.418848167539267 1.21951219512195 1.13636363636364 1.25329477164861 1.08489035189392 9 12 21 32.9 26.55 2 1.08433734939759 1.25 1.13513513513514 1.14954577218728 1.06192920471969 0.952380952380952 1.125 9 1.21196060244689 6.8 NA 27.2 NA 34 1.3140655105973 0.0682865521575199 0.0682865521575199 NA NA 1.33067599612729 1.15985975551976 1.32295719844358 3.02371541501976
316 4.MO2 Medium 4.MO2.08 mal medium 9 198.975 0.51183970856102 4 25 10 7.95900000000002 2.5 1.45161290322581 1.27725418754502 0.941800601134039 0.418848167539267 1.21951219512195 1.13636363636364 1.25329477164861 1.08489035189392 9 12 21 32.9 26.55 2 1.08433734939759 1.25 1.13513513513514 1.14954577218728 1.06192920471969 0.952380952380952 1.125 9 1.23456790123457 6.8 0.327777777777778 57.3111111111111 0.302222222222222 64.1111111111111 NA NA NA 1.0833523591161 0.997496943943186 NA 2.19946934520989 2.34446952595937 5.27586206896552
317 4.MO2 Medium 4.MO2.09 fem medium 9 174.425999999999 0.557377049180328 5 25 8 6.97703999999998 3.125 1.45161290322581 1.1196700033508 1.0255906902029 0.523560209424084 1.21951219512195 0.909090909090909 1.09866663570589 1.3561129398674 7 8 17 25.8 23.4 2 0.843373493975904 0.833333333333333 0.918918918918919 0.90146750524109 0.935937604159723 0.952380952380952 1 8 1.39128130382934 0 NA 79 NA 79 3.10287836583101 0.316268677559 0.316268677559 NA NA 6.16301635179774 3.36871031934047 3.07392996108949 0
318 4.MO2 Medium 4.MO2.09 mal medium 9 174.425999999999 0.557377049180328 5 25 8 6.97703999999998 3.125 1.45161290322581 1.1196700033508 1.0255906902029 0.523560209424084 1.21951219512195 0.909090909090909 1.09866663570589 1.3561129398674 7 8 17 25.8 23.4 2 0.843373493975904 0.833333333333333 0.918918918918919 0.90146750524109 0.935937604159723 0.952380952380952 1.125 9 1.20987654320988 0 0.222222222222222 4.55555555555556 0.222222222222222 4.55555555555556 NA NA NA 0.734476175671934 0.733453635252343 NA 0.174831801383493 0.166591422121896 0
319 4.MO2 Medium 4.MO2.10 fem medium 8 139.473 0.342213114754098 1 27 13 5.16566666666666 2.07692307692308 1.29032258064516 0.895300783010256 0.629682519352518 0.104712041884817 1.31707317073171 1.47727272727273 0.813431715719663 0.901293523111874 12 15 19 27.8 24.9333333333333 3 1.44578313253012 1.5625 1.02702702702703 0.971348707197764 0.99726684887674 1.42857142857143 1.125 9 0.890420034450775 0 NA 37 NA 37 2.98529411764706 0.310344827586207 0.310344827586207 NA NA 6.04758037334518 1.57775040272908 1.43968871595331 0
320 4.MO2 Medium 4.MO2.10 mal medium 8 139.473 0.342213114754098 1 27 13 5.16566666666666 2.07692307692308 1.29032258064516 0.895300783010256 0.629682519352518 0.104712041884817 1.31707317073171 1.47727272727273 0.813431715719663 0.901293523111874 12 15 19 27.8 24.9333333333333 3 1.44578313253012 1.5625 1.02702702702703 0.971348707197764 0.99726684887674 1.42857142857143 1 8 1.16666666666667 0 0.393849206349206 73.3452380952381 0.393849206349206 73.3452380952381 NA NA NA 1.30172786491856 1.29991559462134 NA 2.81482246077622 2.68215091905837 0
